n,error_p,error_s
5,0.15979899497487438,0.16984924623115577
5,0.15979899497487438,0.16984924623115577
5,0.15979899497487438,0.16984924623115577
5,0.15979899497487438,0.16984924623115577
5,0.15979899497487438,0.16984924623115577
5,0.15979899497487438,0.16984924623115577
5,0.15979899497487438,0.16984924623115577
5,0.15979899497487438,0.16984924623115577
5,0.15979899497487438,0.16984924623115577
5,0.15979899497487438,0.16984924623115577
5,0.15979899497487438,0.16984924623115577
5,0.15979899497487438,0.16984924623115577
5,0.15979899497487438,0.16984924623115577
5,0.15979899497487438,0.16984924623115577
5,0.15979899497487438,0.16984924623115577
5,0.15979899497487438,0.16984924623115577
5,0.15979899497487438,0.16984924623115577
5,0.15979899497487438,0.16984924623115577
5,0.15979899497487438,0.16984924623115577
5,0.15979899497487438,0.16984924623115577
5,0.15979899497487438,0.16984924623115577
5,0.15979899497487438,0.16984924623115577
5,0.15979899497487438,0.16984924623115577
5,0.15979899497487438,0.16984924623115577
5,0.15979899497487438,0.16984924623115577
5,0.15979899497487438,0.16984924623115577
5,0.15979899497487438,0.16984924623115577
5,0.15979899497487438,0.16984924623115577
5,0.15979899497487438,0.16984924623115577
5,0.15979899497487438,0.16984924623115577
5,0.15979899497487438,0.16984924623115577
5,0.15979899497487438,0.16984924623115577
5,0.15979899497487438,0.16984924623115577
5,0.15979899497487438,0.16984924623115577
5,0.15979899497487438,0.16984924623115577
5,0.15979899497487438,0.16984924623115577
5,0.15979899497487438,0.16984924623115577
5,0.15979899497487438,0.16984924623115577
5,0.15979899497487438,0.16984924623115577
5,0.15979899497487438,0.16984924623115577
5,0.15979899497487438,0.16984924623115577
5,0.15979899497487438,0.16984924623115577
5,0.15979899497487438,0.16984924623115577
5,0.15979899497487438,0.16984924623115577
5,0.15979899497487438,0.16984924623115577
5,0.15979899497487438,0.16984924623115577
5,0.15979899497487438,0.16984924623115577
5,0.15979899497487438,0.16984924623115577
5,0.15979899497487438,0.16984924623115577
5,0.15979899497487438,0.16984924623115577
10,0.20909090909090908,0.1717171717171717
10,0.20909090909090908,0.1717171717171717
10,0.20909090909090908,0.1717171717171717
10,0.20909090909090908,0.1717171717171717
10,0.20909090909090908,0.1717171717171717
10,0.20909090909090908,0.1717171717171717
10,0.20909090909090908,0.1717171717171717
10,0.20909090909090908,0.1717171717171717
10,0.20909090909090908,0.1717171717171717
10,0.20909090909090908,0.1717171717171717
10,0.20909090909090908,0.1717171717171717
10,0.20909090909090908,0.1717171717171717
10,0.20909090909090908,0.1717171717171717
10,0.20909090909090908,0.1717171717171717
10,0.20909090909090908,0.1717171717171717
10,0.20909090909090908,0.1717171717171717
10,0.20909090909090908,0.1717171717171717
10,0.20909090909090908,0.1717171717171717
10,0.20909090909090908,0.1717171717171717
10,0.20909090909090908,0.1717171717171717
10,0.20909090909090908,0.1717171717171717
10,0.20909090909090908,0.1717171717171717
10,0.20909090909090908,0.1717171717171717
10,0.20909090909090908,0.1717171717171717
10,0.20909090909090908,0.1717171717171717
10,0.20909090909090908,0.1717171717171717
10,0.20909090909090908,0.1717171717171717
10,0.20909090909090908,0.1717171717171717
10,0.20909090909090908,0.1717171717171717
10,0.20909090909090908,0.1717171717171717
10,0.20909090909090908,0.1717171717171717
10,0.20909090909090908,0.1717171717171717
10,0.20909090909090908,0.1717171717171717
10,0.20909090909090908,0.1717171717171717
10,0.20909090909090908,0.1717171717171717
10,0.20909090909090908,0.1717171717171717
10,0.20909090909090908,0.1717171717171717
10,0.20909090909090908,0.1717171717171717
10,0.20909090909090908,0.1717171717171717
10,0.20909090909090908,0.1717171717171717
10,0.20909090909090908,0.1717171717171717
10,0.20909090909090908,0.1717171717171717
10,0.20909090909090908,0.1717171717171717
10,0.20909090909090908,0.1717171717171717
10,0.20909090909090908,0.1717171717171717
10,0.20909090909090908,0.1717171717171717
10,0.20909090909090908,0.1717171717171717
10,0.20909090909090908,0.1717171717171717
10,0.20909090909090908,0.1717171717171717
10,0.20909090909090908,0.1717171717171717
15,0.29644670050761424,0.13705583756345177
15,0.29644670050761424,0.13705583756345177
15,0.29644670050761424,0.13705583756345177
15,0.29644670050761424,0.13705583756345177
15,0.29644670050761424,0.13705583756345177
15,0.29644670050761424,0.13705583756345177
15,0.29644670050761424,0.13705583756345177
15,0.29644670050761424,0.13705583756345177
15,0.29644670050761424,0.13705583756345177
15,0.29644670050761424,0.13705583756345177
15,0.29644670050761424,0.13705583756345177
15,0.29644670050761424,0.13705583756345177
15,0.29644670050761424,0.13705583756345177
15,0.29644670050761424,0.13705583756345177
15,0.29644670050761424,0.13705583756345177
15,0.29644670050761424,0.13705583756345177
15,0.29644670050761424,0.13705583756345177
15,0.29644670050761424,0.13705583756345177
15,0.29644670050761424,0.13705583756345177
15,0.29644670050761424,0.13705583756345177
15,0.29644670050761424,0.13705583756345177
15,0.29644670050761424,0.13705583756345177
15,0.29644670050761424,0.13705583756345177
15,0.29644670050761424,0.13705583756345177
15,0.29644670050761424,0.13705583756345177
15,0.29644670050761424,0.13705583756345177
15,0.29644670050761424,0.13705583756345177
15,0.29644670050761424,0.13705583756345177
15,0.29644670050761424,0.13705583756345177
15,0.29644670050761424,0.13705583756345177
15,0.29644670050761424,0.13705583756345177
15,0.29644670050761424,0.13705583756345177
15,0.29644670050761424,0.13705583756345177
15,0.29644670050761424,0.13705583756345177
15,0.29644670050761424,0.13705583756345177
15,0.29644670050761424,0.13705583756345177
15,0.29644670050761424,0.13705583756345177
15,0.29644670050761424,0.13705583756345177
15,0.29644670050761424,0.13705583756345177
15,0.29644670050761424,0.13705583756345177
15,0.29644670050761424,0.13705583756345177
15,0.29644670050761424,0.13705583756345177
15,0.29644670050761424,0.13705583756345177
15,0.29644670050761424,0.13705583756345177
15,0.29644670050761424,0.13705583756345177
15,0.29644670050761424,0.13705583756345177
15,0.29644670050761424,0.13705583756345177
15,0.29644670050761424,0.13705583756345177
15,0.29644670050761424,0.13705583756345177
15,0.29644670050761424,0.13705583756345177
20,0.04387755102040816,0.04285714285714286
20,0.04387755102040816,0.04285714285714286
20,0.04387755102040816,0.04285714285714286
20,0.04387755102040816,0.04285714285714286
20,0.04387755102040816,0.04285714285714286
20,0.04387755102040816,0.04285714285714286
20,0.04387755102040816,0.04285714285714286
20,0.04387755102040816,0.04285714285714286
20,0.04387755102040816,0.04285714285714286
20,0.04387755102040816,0.04285714285714286
20,0.04387755102040816,0.04285714285714286
20,0.04387755102040816,0.04285714285714286
20,0.04387755102040816,0.04285714285714286
20,0.04387755102040816,0.04285714285714286
20,0.04387755102040816,0.04285714285714286
20,0.04387755102040816,0.04285714285714286
20,0.04387755102040816,0.04285714285714286
20,0.04387755102040816,0.04285714285714286
20,0.04387755102040816,0.04285714285714286
20,0.04387755102040816,0.04285714285714286
20,0.04387755102040816,0.04285714285714286
20,0.04387755102040816,0.04285714285714286
20,0.04387755102040816,0.04285714285714286
20,0.04387755102040816,0.04285714285714286
20,0.04387755102040816,0.04285714285714286
20,0.04387755102040816,0.04285714285714286
20,0.04387755102040816,0.04285714285714286
20,0.04387755102040816,0.04285714285714286
20,0.04387755102040816,0.04285714285714286
20,0.04387755102040816,0.04285714285714286
20,0.04387755102040816,0.04285714285714286
20,0.04387755102040816,0.04285714285714286
20,0.04387755102040816,0.04285714285714286
20,0.04387755102040816,0.04285714285714286
20,0.04387755102040816,0.04285714285714286
20,0.04387755102040816,0.04285714285714286
20,0.04387755102040816,0.04285714285714286
20,0.04387755102040816,0.04285714285714286
20,0.04387755102040816,0.04285714285714286
20,0.04387755102040816,0.04285714285714286
20,0.04387755102040816,0.04285714285714286
20,0.04387755102040816,0.04285714285714286
20,0.04387755102040816,0.04285714285714286
20,0.04387755102040816,0.04285714285714286
20,0.04387755102040816,0.04285714285714286
20,0.04387755102040816,0.04285714285714286
20,0.04387755102040816,0.04285714285714286
20,0.04387755102040816,0.04285714285714286
20,0.04387755102040816,0.04285714285714286
20,0.04387755102040816,0.04285714285714286
25,0.22666666666666666,0.014358974358974359
25,0.22666666666666666,0.014358974358974359
25,0.22666666666666666,0.014358974358974359
25,0.22666666666666666,0.014358974358974359
25,0.22666666666666666,0.014358974358974359
25,0.22666666666666666,0.014358974358974359
25,0.22666666666666666,0.014358974358974359
25,0.22666666666666666,0.014358974358974359
25,0.22666666666666666,0.014358974358974359
25,0.22666666666666666,0.014358974358974359
25,0.22666666666666666,0.014358974358974359
25,0.22666666666666666,0.014358974358974359
25,0.22666666666666666,0.014358974358974359
25,0.22666666666666666,0.014358974358974359
25,0.22666666666666666,0.014358974358974359
25,0.22666666666666666,0.014358974358974359
25,0.22666666666666666,0.014358974358974359
25,0.22666666666666666,0.014358974358974359
25,0.22666666666666666,0.014358974358974359
25,0.22666666666666666,0.014358974358974359
25,0.22666666666666666,0.014358974358974359
25,0.22666666666666666,0.014358974358974359
25,0.22666666666666666,0.014358974358974359
25,0.22666666666666666,0.014358974358974359
25,0.22666666666666666,0.014358974358974359
25,0.22666666666666666,0.014358974358974359
25,0.22666666666666666,0.014358974358974359
25,0.22666666666666666,0.014358974358974359
25,0.22666666666666666,0.014358974358974359
25,0.22666666666666666,0.014358974358974359
25,0.22666666666666666,0.014358974358974359
25,0.22666666666666666,0.014358974358974359
25,0.22666666666666666,0.014358974358974359
25,0.22666666666666666,0.014358974358974359
25,0.22666666666666666,0.014358974358974359
25,0.22666666666666666,0.014358974358974359
25,0.22666666666666666,0.014358974358974359
25,0.22666666666666666,0.014358974358974359
25,0.22666666666666666,0.014358974358974359
25,0.22666666666666666,0.014358974358974359
25,0.22666666666666666,0.014358974358974359
25,0.22666666666666666,0.014358974358974359
25,0.22666666666666666,0.014358974358974359
25,0.22666666666666666,0.014358974358974359
25,0.22666666666666666,0.014358974358974359
25,0.22666666666666666,0.014358974358974359
25,0.22666666666666666,0.014358974358974359
25,0.22666666666666666,0.014358974358974359
25,0.22666666666666666,0.014358974358974359
25,0.22666666666666666,0.014358974358974359
30,0.10721649484536082,0.049484536082474224
30,0.10721649484536082,0.049484536082474224
30,0.10721649484536082,0.049484536082474224
30,0.10721649484536082,0.049484536082474224
30,0.10721649484536082,0.049484536082474224
30,0.10721649484536082,0.049484536082474224
30,0.10721649484536082,0.049484536082474224
30,0.10721649484536082,0.049484536082474224
30,0.10721649484536082,0.049484536082474224
30,0.10721649484536082,0.049484536082474224
30,0.10721649484536082,0.049484536082474224
30,0.10721649484536082,0.049484536082474224
30,0.10721649484536082,0.049484536082474224
30,0.10721649484536082,0.049484536082474224
30,0.10721649484536082,0.049484536082474224
30,0.10721649484536082,0.049484536082474224
30,0.10721649484536082,0.049484536082474224
30,0.10721649484536082,0.049484536082474224
30,0.10721649484536082,0.049484536082474224
30,0.10721649484536082,0.049484536082474224
30,0.10721649484536082,0.049484536082474224
30,0.10721649484536082,0.049484536082474224
30,0.10721649484536082,0.049484536082474224
30,0.10721649484536082,0.049484536082474224
30,0.10721649484536082,0.049484536082474224
30,0.10721649484536082,0.049484536082474224
30,0.10721649484536082,0.049484536082474224
30,0.10721649484536082,0.049484536082474224
30,0.10721649484536082,0.049484536082474224
30,0.10721649484536082,0.049484536082474224
30,0.10721649484536082,0.049484536082474224
30,0.10721649484536082,0.049484536082474224
30,0.10721649484536082,0.049484536082474224
30,0.10721649484536082,0.049484536082474224
30,0.10721649484536082,0.049484536082474224
30,0.10721649484536082,0.049484536082474224
30,0.10721649484536082,0.049484536082474224
30,0.10721649484536082,0.049484536082474224
30,0.10721649484536082,0.049484536082474224
30,0.10721649484536082,0.049484536082474224
30,0.10721649484536082,0.049484536082474224
30,0.10721649484536082,0.049484536082474224
30,0.10721649484536082,0.049484536082474224
30,0.10721649484536082,0.049484536082474224
30,0.10721649484536082,0.049484536082474224
30,0.10721649484536082,0.049484536082474224
30,0.10721649484536082,0.049484536082474224
30,0.10721649484536082,0.049484536082474224
30,0.10721649484536082,0.049484536082474224
30,0.10721649484536082,0.049484536082474224
35,0.13989637305699482,0.11088082901554404
35,0.13989637305699482,0.11088082901554404
35,0.13989637305699482,0.11088082901554404
35,0.13989637305699482,0.11088082901554404
35,0.13989637305699482,0.11088082901554404
35,0.13989637305699482,0.11088082901554404
35,0.13989637305699482,0.11088082901554404
35,0.13989637305699482,0.11088082901554404
35,0.13989637305699482,0.11088082901554404
35,0.13989637305699482,0.11088082901554404
35,0.13989637305699482,0.11088082901554404
35,0.13989637305699482,0.11088082901554404
35,0.13989637305699482,0.11088082901554404
35,0.13989637305699482,0.11088082901554404
35,0.13989637305699482,0.11088082901554404
35,0.13989637305699482,0.11088082901554404
35,0.13989637305699482,0.11088082901554404
35,0.13989637305699482,0.11088082901554404
35,0.13989637305699482,0.11088082901554404
35,0.13989637305699482,0.11088082901554404
35,0.13989637305699482,0.11088082901554404
35,0.13989637305699482,0.11088082901554404
35,0.13989637305699482,0.11088082901554404
35,0.13989637305699482,0.11088082901554404
35,0.13989637305699482,0.11088082901554404
35,0.13989637305699482,0.11088082901554404
35,0.13989637305699482,0.11088082901554404
35,0.13989637305699482,0.11088082901554404
35,0.13989637305699482,0.11088082901554404
35,0.13989637305699482,0.11088082901554404
35,0.13989637305699482,0.11088082901554404
35,0.13989637305699482,0.11088082901554404
35,0.13989637305699482,0.11088082901554404
35,0.13989637305699482,0.11088082901554404
35,0.13989637305699482,0.11088082901554404
35,0.13989637305699482,0.11088082901554404
35,0.13989637305699482,0.11088082901554404
35,0.13989637305699482,0.11088082901554404
35,0.13989637305699482,0.11088082901554404
35,0.13989637305699482,0.11088082901554404
35,0.13989637305699482,0.11088082901554404
35,0.13989637305699482,0.11088082901554404
35,0.13989637305699482,0.11088082901554404
35,0.13989637305699482,0.11088082901554404
35,0.13989637305699482,0.11088082901554404
35,0.13989637305699482,0.11088082901554404
35,0.13989637305699482,0.11088082901554404
35,0.13989637305699482,0.11088082901554404
35,0.13989637305699482,0.11088082901554404
35,0.13989637305699482,0.11088082901554404
40,0.08958333333333333,0.0020833333333333333
40,0.08958333333333333,0.0020833333333333333
40,0.08958333333333333,0.0020833333333333333
40,0.08958333333333333,0.0020833333333333333
40,0.08958333333333333,0.0020833333333333333
40,0.08958333333333333,0.0020833333333333333
40,0.08958333333333333,0.0020833333333333333
40,0.08958333333333333,0.0020833333333333333
40,0.08958333333333333,0.0020833333333333333
40,0.08958333333333333,0.0020833333333333333
40,0.08958333333333333,0.0020833333333333333
40,0.08958333333333333,0.0020833333333333333
40,0.08958333333333333,0.0020833333333333333
40,0.08958333333333333,0.0020833333333333333
40,0.08958333333333333,0.0020833333333333333
40,0.08958333333333333,0.0020833333333333333
40,0.08958333333333333,0.0020833333333333333
40,0.08958333333333333,0.0020833333333333333
40,0.08958333333333333,0.0020833333333333333
40,0.08958333333333333,0.0020833333333333333
40,0.08958333333333333,0.0020833333333333333
40,0.08958333333333333,0.0020833333333333333
40,0.08958333333333333,0.0020833333333333333
40,0.08958333333333333,0.0020833333333333333
40,0.08958333333333333,0.0020833333333333333
40,0.08958333333333333,0.0020833333333333333
40,0.08958333333333333,0.0020833333333333333
40,0.08958333333333333,0.0020833333333333333
40,0.08958333333333333,0.0020833333333333333
40,0.08958333333333333,0.0020833333333333333
40,0.08958333333333333,0.0020833333333333333
40,0.08958333333333333,0.0020833333333333333
40,0.08958333333333333,0.0020833333333333333
40,0.08958333333333333,0.0020833333333333333
40,0.08958333333333333,0.0020833333333333333
40,0.08958333333333333,0.0020833333333333333
40,0.08958333333333333,0.0020833333333333333
40,0.08958333333333333,0.0020833333333333333
40,0.08958333333333333,0.0020833333333333333
40,0.08958333333333333,0.0020833333333333333
40,0.08958333333333333,0.0020833333333333333
40,0.08958333333333333,0.0020833333333333333
40,0.08958333333333333,0.0020833333333333333
40,0.08958333333333333,0.0020833333333333333
40,0.08958333333333333,0.0020833333333333333
40,0.08958333333333333,0.0020833333333333333
40,0.08958333333333333,0.0020833333333333333
40,0.08958333333333333,0.0020833333333333333
40,0.08958333333333333,0.0020833333333333333
40,0.08958333333333333,0.0020833333333333333
45,0.023036649214659685,0.0031413612565445027
45,0.023036649214659685,0.0031413612565445027
45,0.023036649214659685,0.0031413612565445027
45,0.023036649214659685,0.0031413612565445027
45,0.023036649214659685,0.0031413612565445027
45,0.023036649214659685,0.0031413612565445027
45,0.023036649214659685,0.0031413612565445027
45,0.023036649214659685,0.0031413612565445027
45,0.023036649214659685,0.0031413612565445027
45,0.023036649214659685,0.0031413612565445027
45,0.023036649214659685,0.0031413612565445027
45,0.023036649214659685,0.0031413612565445027
45,0.023036649214659685,0.0031413612565445027
45,0.023036649214659685,0.0031413612565445027
45,0.023036649214659685,0.0031413612565445027
45,0.023036649214659685,0.0031413612565445027
45,0.023036649214659685,0.0031413612565445027
45,0.023036649214659685,0.0031413612565445027
45,0.023036649214659685,0.0031413612565445027
45,0.023036649214659685,0.0031413612565445027
45,0.023036649214659685,0.0031413612565445027
45,0.023036649214659685,0.0031413612565445027
45,0.023036649214659685,0.0031413612565445027
45,0.023036649214659685,0.0031413612565445027
45,0.023036649214659685,0.0031413612565445027
45,0.023036649214659685,0.0031413612565445027
45,0.023036649214659685,0.0031413612565445027
45,0.023036649214659685,0.0031413612565445027
45,0.023036649214659685,0.0031413612565445027
45,0.023036649214659685,0.0031413612565445027
45,0.023036649214659685,0.0031413612565445027
45,0.023036649214659685,0.0031413612565445027
45,0.023036649214659685,0.0031413612565445027
45,0.023036649214659685,0.0031413612565445027
45,0.023036649214659685,0.0031413612565445027
45,0.023036649214659685,0.0031413612565445027
45,0.023036649214659685,0.0031413612565445027
45,0.023036649214659685,0.0031413612565445027
45,0.023036649214659685,0.0031413612565445027
45,0.023036649214659685,0.0031413612565445027
45,0.023036649214659685,0.0031413612565445027
45,0.023036649214659685,0.0031413612565445027
45,0.023036649214659685,0.0031413612565445027
45,0.023036649214659685,0.0031413612565445027
45,0.023036649214659685,0.0031413612565445027
45,0.023036649214659685,0.0031413612565445027
45,0.023036649214659685,0.0031413612565445027
45,0.023036649214659685,0.0031413612565445027
45,0.023036649214659685,0.0031413612565445027
45,0.023036649214659685,0.0031413612565445027
50,0.061052631578947365,0.01368421052631579
50,0.061052631578947365,0.01368421052631579
50,0.061052631578947365,0.01368421052631579
50,0.061052631578947365,0.01368421052631579
50,0.061052631578947365,0.01368421052631579
50,0.061052631578947365,0.01368421052631579
50,0.061052631578947365,0.01368421052631579
50,0.061052631578947365,0.01368421052631579
50,0.061052631578947365,0.01368421052631579
50,0.061052631578947365,0.01368421052631579
50,0.061052631578947365,0.01368421052631579
50,0.061052631578947365,0.01368421052631579
50,0.061052631578947365,0.01368421052631579
50,0.061052631578947365,0.01368421052631579
50,0.061052631578947365,0.01368421052631579
50,0.061052631578947365,0.01368421052631579
50,0.061052631578947365,0.01368421052631579
50,0.061052631578947365,0.01368421052631579
50,0.061052631578947365,0.01368421052631579
50,0.061052631578947365,0.01368421052631579
50,0.061052631578947365,0.01368421052631579
50,0.061052631578947365,0.01368421052631579
50,0.061052631578947365,0.01368421052631579
50,0.061052631578947365,0.01368421052631579
50,0.061052631578947365,0.01368421052631579
50,0.061052631578947365,0.01368421052631579
50,0.061052631578947365,0.01368421052631579
50,0.061052631578947365,0.01368421052631579
50,0.061052631578947365,0.01368421052631579
50,0.061052631578947365,0.01368421052631579
50,0.061052631578947365,0.01368421052631579
50,0.061052631578947365,0.01368421052631579
50,0.061052631578947365,0.01368421052631579
50,0.061052631578947365,0.01368421052631579
50,0.061052631578947365,0.01368421052631579
50,0.061052631578947365,0.01368421052631579
50,0.061052631578947365,0.01368421052631579
50,0.061052631578947365,0.01368421052631579
50,0.061052631578947365,0.01368421052631579
50,0.061052631578947365,0.01368421052631579
50,0.061052631578947365,0.01368421052631579
50,0.061052631578947365,0.01368421052631579
50,0.061052631578947365,0.01368421052631579
50,0.061052631578947365,0.01368421052631579
50,0.061052631578947365,0.01368421052631579
50,0.061052631578947365,0.01368421052631579
50,0.061052631578947365,0.01368421052631579
50,0.061052631578947365,0.01368421052631579
50,0.061052631578947365,0.01368421052631579
50,0.061052631578947365,0.01368421052631579
55,0.012698412698412698,0.0
55,0.012698412698412698,0.0
55,0.012698412698412698,0.0
55,0.012698412698412698,0.0
55,0.012698412698412698,0.0
55,0.012698412698412698,0.0
55,0.012698412698412698,0.0
55,0.012698412698412698,0.0
55,0.012698412698412698,0.0
55,0.012698412698412698,0.0
55,0.012698412698412698,0.0
55,0.012698412698412698,0.0
55,0.012698412698412698,0.0
55,0.012698412698412698,0.0
55,0.012698412698412698,0.0
55,0.012698412698412698,0.0
55,0.012698412698412698,0.0
55,0.012698412698412698,0.0
55,0.012698412698412698,0.0
55,0.012698412698412698,0.0
55,0.012698412698412698,0.0
55,0.012698412698412698,0.0
55,0.012698412698412698,0.0
55,0.012698412698412698,0.0
55,0.012698412698412698,0.0
55,0.012698412698412698,0.0
55,0.012698412698412698,0.0
55,0.012698412698412698,0.0
55,0.012698412698412698,0.0
55,0.012698412698412698,0.0
55,0.012698412698412698,0.0
55,0.012698412698412698,0.0
55,0.012698412698412698,0.0
55,0.012698412698412698,0.0
55,0.012698412698412698,0.0
55,0.012698412698412698,0.0
55,0.012698412698412698,0.0
55,0.012698412698412698,0.0
55,0.012698412698412698,0.0
55,0.012698412698412698,0.0
55,0.012698412698412698,0.0
55,0.012698412698412698,0.0
55,0.012698412698412698,0.0
55,0.012698412698412698,0.0
55,0.012698412698412698,0.0
55,0.012698412698412698,0.0
55,0.012698412698412698,0.0
55,0.012698412698412698,0.0
55,0.012698412698412698,0.0
55,0.012698412698412698,0.0
60,0.035106382978723406,0.07659574468085106
60,0.035106382978723406,0.07659574468085106
60,0.035106382978723406,0.07659574468085106
60,0.035106382978723406,0.07659574468085106
60,0.035106382978723406,0.07659574468085106
60,0.035106382978723406,0.07659574468085106
60,0.035106382978723406,0.07659574468085106
60,0.035106382978723406,0.07659574468085106
60,0.035106382978723406,0.07659574468085106
60,0.035106382978723406,0.07659574468085106
60,0.035106382978723406,0.07659574468085106
60,0.035106382978723406,0.07659574468085106
60,0.035106382978723406,0.07659574468085106
60,0.035106382978723406,0.07659574468085106
60,0.035106382978723406,0.07659574468085106
60,0.035106382978723406,0.07659574468085106
60,0.035106382978723406,0.07659574468085106
60,0.035106382978723406,0.07659574468085106
60,0.035106382978723406,0.07659574468085106
60,0.035106382978723406,0.07659574468085106
60,0.035106382978723406,0.07659574468085106
60,0.035106382978723406,0.07659574468085106
60,0.035106382978723406,0.07659574468085106
60,0.035106382978723406,0.07659574468085106
60,0.035106382978723406,0.07659574468085106
60,0.035106382978723406,0.07659574468085106
60,0.035106382978723406,0.07659574468085106
60,0.035106382978723406,0.07659574468085106
60,0.035106382978723406,0.07659574468085106
60,0.035106382978723406,0.07659574468085106
60,0.035106382978723406,0.07659574468085106
60,0.035106382978723406,0.07659574468085106
60,0.035106382978723406,0.07659574468085106
60,0.035106382978723406,0.07659574468085106
60,0.035106382978723406,0.07659574468085106
60,0.035106382978723406,0.07659574468085106
60,0.035106382978723406,0.07659574468085106
60,0.035106382978723406,0.07659574468085106
60,0.035106382978723406,0.07659574468085106
60,0.035106382978723406,0.07659574468085106
60,0.035106382978723406,0.07659574468085106
60,0.035106382978723406,0.07659574468085106
60,0.035106382978723406,0.07659574468085106
60,0.035106382978723406,0.07659574468085106
60,0.035106382978723406,0.07659574468085106
60,0.035106382978723406,0.07659574468085106
60,0.035106382978723406,0.07659574468085106
60,0.035106382978723406,0.07659574468085106
60,0.035106382978723406,0.07659574468085106
60,0.035106382978723406,0.07659574468085106
65,0.044919786096256686,0.023529411764705882
65,0.044919786096256686,0.023529411764705882
65,0.044919786096256686,0.023529411764705882
65,0.044919786096256686,0.023529411764705882
65,0.044919786096256686,0.023529411764705882
65,0.044919786096256686,0.023529411764705882
65,0.044919786096256686,0.023529411764705882
65,0.044919786096256686,0.023529411764705882
65,0.044919786096256686,0.023529411764705882
65,0.044919786096256686,0.023529411764705882
65,0.044919786096256686,0.023529411764705882
65,0.044919786096256686,0.023529411764705882
65,0.044919786096256686,0.023529411764705882
65,0.044919786096256686,0.023529411764705882
65,0.044919786096256686,0.023529411764705882
65,0.044919786096256686,0.023529411764705882
65,0.044919786096256686,0.023529411764705882
65,0.044919786096256686,0.023529411764705882
65,0.044919786096256686,0.023529411764705882
65,0.044919786096256686,0.023529411764705882
65,0.044919786096256686,0.023529411764705882
65,0.044919786096256686,0.023529411764705882
65,0.044919786096256686,0.023529411764705882
65,0.044919786096256686,0.023529411764705882
65,0.044919786096256686,0.023529411764705882
65,0.044919786096256686,0.023529411764705882
65,0.044919786096256686,0.023529411764705882
65,0.044919786096256686,0.023529411764705882
65,0.044919786096256686,0.023529411764705882
65,0.044919786096256686,0.023529411764705882
65,0.044919786096256686,0.023529411764705882
65,0.044919786096256686,0.023529411764705882
65,0.044919786096256686,0.023529411764705882
65,0.044919786096256686,0.023529411764705882
65,0.044919786096256686,0.023529411764705882
65,0.044919786096256686,0.023529411764705882
65,0.044919786096256686,0.023529411764705882
65,0.044919786096256686,0.023529411764705882
65,0.044919786096256686,0.023529411764705882
65,0.044919786096256686,0.023529411764705882
65,0.044919786096256686,0.023529411764705882
65,0.044919786096256686,0.023529411764705882
65,0.044919786096256686,0.023529411764705882
65,0.044919786096256686,0.023529411764705882
65,0.044919786096256686,0.023529411764705882
65,0.044919786096256686,0.023529411764705882
65,0.044919786096256686,0.023529411764705882
65,0.044919786096256686,0.023529411764705882
65,0.044919786096256686,0.023529411764705882
65,0.044919786096256686,0.023529411764705882
70,0.024731182795698924,0.0
70,0.024731182795698924,0.0
70,0.024731182795698924,0.0
70,0.024731182795698924,0.0
70,0.024731182795698924,0.0
70,0.024731182795698924,0.0
70,0.024731182795698924,0.0
70,0.024731182795698924,0.0
70,0.024731182795698924,0.0
70,0.024731182795698924,0.0
70,0.024731182795698924,0.0
70,0.024731182795698924,0.0
70,0.024731182795698924,0.0
70,0.024731182795698924,0.0
70,0.024731182795698924,0.0
70,0.024731182795698924,0.0
70,0.024731182795698924,0.0
70,0.024731182795698924,0.0
70,0.024731182795698924,0.0
70,0.024731182795698924,0.0
70,0.024731182795698924,0.0
70,0.024731182795698924,0.0
70,0.024731182795698924,0.0
70,0.024731182795698924,0.0
70,0.024731182795698924,0.0
70,0.024731182795698924,0.0
70,0.024731182795698924,0.0
70,0.024731182795698924,0.0
70,0.024731182795698924,0.0
70,0.024731182795698924,0.0
70,0.024731182795698924,0.0
70,0.024731182795698924,0.0
70,0.024731182795698924,0.0
70,0.024731182795698924,0.0
70,0.024731182795698924,0.0
70,0.024731182795698924,0.0
70,0.024731182795698924,0.0
70,0.024731182795698924,0.0
70,0.024731182795698924,0.0
70,0.024731182795698924,0.0
70,0.024731182795698924,0.0
70,0.024731182795698924,0.0
70,0.024731182795698924,0.0
70,0.024731182795698924,0.0
70,0.024731182795698924,0.0
70,0.024731182795698924,0.0
70,0.024731182795698924,0.0
70,0.024731182795698924,0.0
70,0.024731182795698924,0.0
70,0.024731182795698924,0.0
75,0.034594594594594595,0.011891891891891892
75,0.034594594594594595,0.011891891891891892
75,0.034594594594594595,0.011891891891891892
75,0.034594594594594595,0.011891891891891892
75,0.034594594594594595,0.011891891891891892
75,0.034594594594594595,0.011891891891891892
75,0.034594594594594595,0.011891891891891892
75,0.034594594594594595,0.011891891891891892
75,0.034594594594594595,0.011891891891891892
75,0.034594594594594595,0.011891891891891892
75,0.034594594594594595,0.011891891891891892
75,0.034594594594594595,0.011891891891891892
75,0.034594594594594595,0.011891891891891892
75,0.034594594594594595,0.011891891891891892
75,0.034594594594594595,0.011891891891891892
75,0.034594594594594595,0.011891891891891892
75,0.034594594594594595,0.011891891891891892
75,0.034594594594594595,0.011891891891891892
75,0.034594594594594595,0.011891891891891892
75,0.034594594594594595,0.011891891891891892
75,0.034594594594594595,0.011891891891891892
75,0.034594594594594595,0.011891891891891892
75,0.034594594594594595,0.011891891891891892
75,0.034594594594594595,0.011891891891891892
75,0.034594594594594595,0.011891891891891892
75,0.034594594594594595,0.011891891891891892
75,0.034594594594594595,0.011891891891891892
75,0.034594594594594595,0.011891891891891892
75,0.034594594594594595,0.011891891891891892
75,0.034594594594594595,0.011891891891891892
75,0.034594594594594595,0.011891891891891892
75,0.034594594594594595,0.011891891891891892
75,0.034594594594594595,0.011891891891891892
75,0.034594594594594595,0.011891891891891892
75,0.034594594594594595,0.011891891891891892
75,0.034594594594594595,0.011891891891891892
75,0.034594594594594595,0.011891891891891892
75,0.034594594594594595,0.011891891891891892
75,0.034594594594594595,0.011891891891891892
75,0.034594594594594595,0.011891891891891892
75,0.034594594594594595,0.011891891891891892
75,0.034594594594594595,0.011891891891891892
75,0.034594594594594595,0.011891891891891892
75,0.034594594594594595,0.011891891891891892
75,0.034594594594594595,0.011891891891891892
75,0.034594594594594595,0.011891891891891892
75,0.034594594594594595,0.011891891891891892
75,0.034594594594594595,0.011891891891891892
75,0.034594594594594595,0.011891891891891892
75,0.034594594594594595,0.011891891891891892
80,0.014130434782608696,0.03260869565217391
80,0.014130434782608696,0.03260869565217391
80,0.014130434782608696,0.03260869565217391
80,0.014130434782608696,0.03260869565217391
80,0.014130434782608696,0.03260869565217391
80,0.014130434782608696,0.03260869565217391
80,0.014130434782608696,0.03260869565217391
80,0.014130434782608696,0.03260869565217391
80,0.014130434782608696,0.03260869565217391
80,0.014130434782608696,0.03260869565217391
80,0.014130434782608696,0.03260869565217391
80,0.014130434782608696,0.03260869565217391
80,0.014130434782608696,0.03260869565217391
80,0.014130434782608696,0.03260869565217391
80,0.014130434782608696,0.03260869565217391
80,0.014130434782608696,0.03260869565217391
80,0.014130434782608696,0.03260869565217391
80,0.014130434782608696,0.03260869565217391
80,0.014130434782608696,0.03260869565217391
80,0.014130434782608696,0.03260869565217391
80,0.014130434782608696,0.03260869565217391
80,0.014130434782608696,0.03260869565217391
80,0.014130434782608696,0.03260869565217391
80,0.014130434782608696,0.03260869565217391
80,0.014130434782608696,0.03260869565217391
80,0.014130434782608696,0.03260869565217391
80,0.014130434782608696,0.03260869565217391
80,0.014130434782608696,0.03260869565217391
80,0.014130434782608696,0.03260869565217391
80,0.014130434782608696,0.03260869565217391
80,0.014130434782608696,0.03260869565217391
80,0.014130434782608696,0.03260869565217391
80,0.014130434782608696,0.03260869565217391
80,0.014130434782608696,0.03260869565217391
80,0.014130434782608696,0.03260869565217391
80,0.014130434782608696,0.03260869565217391
80,0.014130434782608696,0.03260869565217391
80,0.014130434782608696,0.03260869565217391
80,0.014130434782608696,0.03260869565217391
80,0.014130434782608696,0.03260869565217391
80,0.014130434782608696,0.03260869565217391
80,0.014130434782608696,0.03260869565217391
80,0.014130434782608696,0.03260869565217391
80,0.014130434782608696,0.03260869565217391
80,0.014130434782608696,0.03260869565217391
80,0.014130434782608696,0.03260869565217391
80,0.014130434782608696,0.03260869565217391
80,0.014130434782608696,0.03260869565217391
80,0.014130434782608696,0.03260869565217391
80,0.014130434782608696,0.03260869565217391
85,0.019672131147540985,0.15300546448087432
85,0.019672131147540985,0.15300546448087432
85,0.019672131147540985,0.15300546448087432
85,0.019672131147540985,0.15300546448087432
85,0.019672131147540985,0.15300546448087432
85,0.019672131147540985,0.15300546448087432
85,0.019672131147540985,0.15300546448087432
85,0.019672131147540985,0.15300546448087432
85,0.019672131147540985,0.15300546448087432
85,0.019672131147540985,0.15300546448087432
85,0.019672131147540985,0.15300546448087432
85,0.019672131147540985,0.15300546448087432
85,0.019672131147540985,0.15300546448087432
85,0.019672131147540985,0.15300546448087432
85,0.019672131147540985,0.15300546448087432
85,0.019672131147540985,0.15300546448087432
85,0.019672131147540985,0.15300546448087432
85,0.019672131147540985,0.15300546448087432
85,0.019672131147540985,0.15300546448087432
85,0.019672131147540985,0.15300546448087432
85,0.019672131147540985,0.15300546448087432
85,0.019672131147540985,0.15300546448087432
85,0.019672131147540985,0.15300546448087432
85,0.019672131147540985,0.15300546448087432
85,0.019672131147540985,0.15300546448087432
85,0.019672131147540985,0.15300546448087432
85,0.019672131147540985,0.15300546448087432
85,0.019672131147540985,0.15300546448087432
85,0.019672131147540985,0.15300546448087432
85,0.019672131147540985,0.15300546448087432
85,0.019672131147540985,0.15300546448087432
85,0.019672131147540985,0.15300546448087432
85,0.019672131147540985,0.15300546448087432
85,0.019672131147540985,0.15300546448087432
85,0.019672131147540985,0.15300546448087432
85,0.019672131147540985,0.15300546448087432
85,0.019672131147540985,0.15300546448087432
85,0.019672131147540985,0.15300546448087432
85,0.019672131147540985,0.15300546448087432
85,0.019672131147540985,0.15300546448087432
85,0.019672131147540985,0.15300546448087432
85,0.019672131147540985,0.15300546448087432
85,0.019672131147540985,0.15300546448087432
85,0.019672131147540985,0.15300546448087432
85,0.019672131147540985,0.15300546448087432
85,0.019672131147540985,0.15300546448087432
85,0.019672131147540985,0.15300546448087432
85,0.019672131147540985,0.15300546448087432
85,0.019672131147540985,0.15300546448087432
85,0.019672131147540985,0.15300546448087432
90,0.015384615384615385,0.023076923076923078
90,0.015384615384615385,0.023076923076923078
90,0.015384615384615385,0.023076923076923078
90,0.015384615384615385,0.023076923076923078
90,0.015384615384615385,0.023076923076923078
90,0.015384615384615385,0.023076923076923078
90,0.015384615384615385,0.023076923076923078
90,0.015384615384615385,0.023076923076923078
90,0.015384615384615385,0.023076923076923078
90,0.015384615384615385,0.023076923076923078
90,0.015384615384615385,0.023076923076923078
90,0.015384615384615385,0.023076923076923078
90,0.015384615384615385,0.023076923076923078
90,0.015384615384615385,0.023076923076923078
90,0.015384615384615385,0.023076923076923078
90,0.015384615384615385,0.023076923076923078
90,0.015384615384615385,0.023076923076923078
90,0.015384615384615385,0.023076923076923078
90,0.015384615384615385,0.023076923076923078
90,0.015384615384615385,0.023076923076923078
90,0.015384615384615385,0.023076923076923078
90,0.015384615384615385,0.023076923076923078
90,0.015384615384615385,0.023076923076923078
90,0.015384615384615385,0.023076923076923078
90,0.015384615384615385,0.023076923076923078
90,0.015384615384615385,0.023076923076923078
90,0.015384615384615385,0.023076923076923078
90,0.015384615384615385,0.023076923076923078
90,0.015384615384615385,0.023076923076923078
90,0.015384615384615385,0.023076923076923078
90,0.015384615384615385,0.023076923076923078
90,0.015384615384615385,0.023076923076923078
90,0.015384615384615385,0.023076923076923078
90,0.015384615384615385,0.023076923076923078
90,0.015384615384615385,0.023076923076923078
90,0.015384615384615385,0.023076923076923078
90,0.015384615384615385,0.023076923076923078
90,0.015384615384615385,0.023076923076923078
90,0.015384615384615385,0.023076923076923078
90,0.015384615384615385,0.023076923076923078
90,0.015384615384615385,0.023076923076923078
90,0.015384615384615385,0.023076923076923078
90,0.015384615384615385,0.023076923076923078
90,0.015384615384615385,0.023076923076923078
90,0.015384615384615385,0.023076923076923078
90,0.015384615384615385,0.023076923076923078
90,0.015384615384615385,0.023076923076923078
90,0.015384615384615385,0.023076923076923078
90,0.015384615384615385,0.023076923076923078
90,0.015384615384615385,0.023076923076923078
95,0.023204419889502764,0.01878453038674033
95,0.023204419889502764,0.01878453038674033
95,0.023204419889502764,0.01878453038674033
95,0.023204419889502764,0.01878453038674033
95,0.023204419889502764,0.01878453038674033
95,0.023204419889502764,0.01878453038674033
95,0.023204419889502764,0.01878453038674033
95,0.023204419889502764,0.01878453038674033
95,0.023204419889502764,0.01878453038674033
95,0.023204419889502764,0.01878453038674033
95,0.023204419889502764,0.01878453038674033
95,0.023204419889502764,0.01878453038674033
95,0.023204419889502764,0.01878453038674033
95,0.023204419889502764,0.01878453038674033
95,0.023204419889502764,0.01878453038674033
95,0.023204419889502764,0.01878453038674033
95,0.023204419889502764,0.01878453038674033
95,0.023204419889502764,0.01878453038674033
95,0.023204419889502764,0.01878453038674033
95,0.023204419889502764,0.01878453038674033
95,0.023204419889502764,0.01878453038674033
95,0.023204419889502764,0.01878453038674033
95,0.023204419889502764,0.01878453038674033
95,0.023204419889502764,0.01878453038674033
95,0.023204419889502764,0.01878453038674033
95,0.023204419889502764,0.01878453038674033
95,0.023204419889502764,0.01878453038674033
95,0.023204419889502764,0.01878453038674033
95,0.023204419889502764,0.01878453038674033
95,0.023204419889502764,0.01878453038674033
95,0.023204419889502764,0.01878453038674033
95,0.023204419889502764,0.01878453038674033
95,0.023204419889502764,0.01878453038674033
95,0.023204419889502764,0.01878453038674033
95,0.023204419889502764,0.01878453038674033
95,0.023204419889502764,0.01878453038674033
95,0.023204419889502764,0.01878453038674033
95,0.023204419889502764,0.01878453038674033
95,0.023204419889502764,0.01878453038674033
95,0.023204419889502764,0.01878453038674033
95,0.023204419889502764,0.01878453038674033
95,0.023204419889502764,0.01878453038674033
95,0.023204419889502764,0.01878453038674033
95,0.023204419889502764,0.01878453038674033
95,0.023204419889502764,0.01878453038674033
95,0.023204419889502764,0.01878453038674033
95,0.023204419889502764,0.01878453038674033
95,0.023204419889502764,0.01878453038674033
95,0.023204419889502764,0.01878453038674033
95,0.023204419889502764,0.01878453038674033
