n,avg perceptron_error,svm_error
2,0.725,0.625
2,0.875,0.625
2,0.875,0.75
2,0.86,0.875
2,0.75,0.75
2,1.0,0.875
2,1.0,1.0
2,0.875,0.75
2,1.0,1.0
2,1.0,1.0
2,1.0,0.875
2,1.0,0.875
2,0.875,0.875
2,0.75,0.75
2,0.75,0.625
2,1.0,1.0
2,1.0,1.0
2,0.75,0.625
2,1.0,0.75
2,1.0,0.75
2,0.75,0.75
2,1.0,1.0
2,0.5775,0.375
2,0.875,0.875
2,0.75,0.75
2,1.0,1.0
2,1.0,1.0
2,1.0,0.875
2,0.875,0.75
2,0.75,0.75
2,1.0,1.0
2,1.0,0.875
2,0.875,0.875
2,0.75,0.625
2,0.75,0.75
2,0.875,0.875
2,0.5025,1.0
2,1.0,1.0
2,0.75,0.75
2,1.0,1.0
2,0.75,0.875
2,0.75,0.625
2,1.0,0.75
2,0.75,0.75
2,0.875,0.875
2,0.875,0.625
2,0.625,0.5
2,0.625,0.75
2,0.5,0.625
2,0.875,0.625
2,0.5,0.25
2,0.75,0.75
2,0.375,0.375
2,0.875,0.875
2,1.0,0.75
2,1.0,0.875
2,0.875,0.75
2,0.625,0.75
2,1.0,1.0
2,0.875,0.625
2,0.625,0.625
2,1.0,1.0
2,0.75,0.5
2,0.495,1.0
2,0.875,0.875
2,0.485,0.5
2,0.875,1.0
2,0.875,0.875
2,1.0,1.0
2,0.75,0.75
2,0.75,0.75
2,0.625,0.375
2,0.75,0.625
2,1.0,0.75
2,0.75,0.875
2,1.0,0.625
2,0.875,0.875
2,0.84,1.0
2,0.875,0.75
2,0.5,0.375
2,0.75,0.75
2,1.0,0.5
2,0.75,0.75
2,1.0,1.0
2,0.5,0.75
2,0.555,0.625
2,1.0,0.625
2,0.75,0.75
2,0.75,0.75
2,0.875,0.625
2,0.625,0.625
2,0.75,0.75
2,0.375,0.5
2,0.625,0.625
2,0.375,0.375
2,0.5,0.625
2,1.0,0.75
2,1.0,1.0
2,0.75,0.75
2,0.75,0.75
4,0.79875,0.5
4,0.873125,0.4375
4,1.0,0.6875
4,0.625,0.5625
4,0.675,0.75
4,1.0,0.8125
4,0.763125,0.75
4,0.871875,0.4375
4,0.850625,0.9375
4,0.824375,0.8125
4,0.64875,0.625
4,0.893125,0.9375
4,0.644375,0.625
4,0.806875,0.75
4,0.815625,0.75
4,0.82875,0.75
4,0.9175,0.875
4,0.915625,0.5625
4,0.8475,0.8125
4,0.740625,0.9375
4,0.700625,0.375
4,0.78125,0.5
4,0.8125,0.8125
4,0.958125,0.5625
4,0.945625,0.4375
4,0.89,0.875
4,0.81875,0.625
4,0.836875,0.4375
4,0.99875,0.9375
4,0.918125,0.1875
4,0.8925,0.8125
4,0.9225,0.625
4,0.8625,0.75
4,0.748125,0.6875
4,0.95875,0.6875
4,0.833125,0.8125
4,0.806875,0.625
4,0.824375,0.6875
4,0.94125,0.875
4,0.814375,0.8125
4,0.866875,0.5625
4,0.7925,0.875
4,0.9375,0.75
4,0.888125,0.4375
4,0.72875,0.75
4,0.82,0.8125
4,0.73625,0.5
4,0.87375,1.0
4,0.919375,0.875
4,0.915,0.8125
4,0.770625,0.8125
4,1.0,0.5625
4,0.848125,0.625
4,0.95125,1.0
4,0.9075,0.8125
4,0.815625,0.75
4,0.58625,0.6875
4,0.73375,0.8125
4,0.815,0.5625
4,0.9375,0.625
4,0.6875,0.75
4,0.985625,0.625
4,0.854375,0.8125
4,0.875,0.9375
4,0.79,0.5625
4,0.778125,0.75
4,0.72875,0.75
4,0.63,0.8125
4,0.86875,0.9375
4,0.76,0.6875
4,0.7125,0.625
4,0.86,0.9375
4,0.8075,0.6875
4,0.97125,1.0
4,0.89,0.875
4,0.625,0.625
4,0.880625,0.5625
4,0.6925,0.75
4,0.48375,0.5625
4,0.913125,0.6875
4,0.74125,0.875
4,0.92125,0.875
4,0.9375,0.3125
4,1.0,0.5
4,0.625,0.625
4,0.78875,0.875
4,0.784375,0.5625
4,0.803125,0.4375
4,0.71375,0.6875
4,1.0,0.625
4,0.85,0.625
4,0.901875,0.875
4,0.950625,0.9375
4,0.95375,0.5625
4,0.8125,0.5625
4,0.935625,1.0
4,0.7675,0.5625
4,0.966875,0.75
4,0.709375,0.6875
4,1.0,1.0
8,0.9265625,0.5
8,0.8984375,0.875
8,0.86,0.75
8,0.886875,0.78125
8,0.9309375,1.0
8,0.9446875,0.875
8,0.9084375,0.90625
8,0.973125,0.75
8,0.9415625,0.8125
8,0.8684375,0.875
8,0.8725,0.71875
8,0.8446875,0.90625
8,0.975625,0.4375
8,0.8865625,0.84375
8,0.8178125,0.9375
8,0.8878125,0.96875
8,0.884375,0.9375
8,0.850625,0.90625
8,0.9246875,0.96875
8,0.936875,0.46875
8,0.7371875,0.75
8,0.95,0.75
8,0.6940625,0.625
8,0.9359375,0.6875
8,0.91,0.71875
8,0.875,0.8125
8,0.7190625,0.5
8,0.73,0.8125
8,0.9509375,0.9375
8,0.945625,0.84375
8,0.8828125,0.8125
8,0.935625,0.84375
8,0.92875,0.90625
8,0.95625,0.625
8,0.919375,0.65625
8,0.8625,0.84375
8,0.97,0.96875
8,0.97125,0.90625
8,0.9334375,0.84375
8,0.85875,0.875
8,0.905625,0.96875
8,0.938125,0.9375
8,0.7646875,0.90625
8,0.8578125,0.9375
8,0.854375,0.75
8,0.8290625,0.75
8,0.956875,1.0
8,0.815625,0.5
8,0.84625,0.75
8,0.944375,0.90625
8,0.739375,0.90625
8,0.8446875,0.84375
8,0.84625,0.875
8,0.964375,0.875
8,0.9178125,0.96875
8,0.8815625,0.78125
8,0.881875,0.71875
8,0.9596875,0.53125
8,0.9034375,0.96875
8,0.926875,0.75
8,0.9728125,0.84375
8,0.81875,0.84375
8,0.8865625,0.5
8,0.82875,0.84375
8,0.9875,0.8125
8,0.8353125,0.84375
8,0.925625,1.0
8,0.7890625,0.875
8,0.9578125,0.875
8,0.9509375,0.96875
8,0.9225,0.875
8,0.898125,0.90625
8,0.894375,0.4375
8,0.984375,0.9375
8,0.951875,0.84375
8,0.9953125,0.90625
8,0.8503125,0.75
8,0.8409375,0.5625
8,0.994375,1.0
8,0.844375,0.8125
8,0.8509375,0.875
8,0.90125,0.9375
8,0.9671875,0.9375
8,0.95375,0.78125
8,0.7271875,0.53125
8,0.6740625,0.59375
8,0.89625,0.90625
8,0.84625,0.71875
8,0.905,0.8125
8,0.7071875,0.8125
8,0.8434375,0.71875
8,0.8496875,0.75
8,0.968125,1.0
8,0.8990625,0.90625
8,0.971875,0.96875
8,0.97625,0.96875
8,0.9853125,1.0
8,0.859375,0.84375
8,0.961875,0.84375
8,0.9684375,0.78125
16,0.94765625,0.9375
16,0.95484375,0.96875
16,0.93421875,0.90625
16,0.975,0.9375
16,0.91421875,0.859375
16,0.9365625,0.921875
16,0.93296875,0.921875
16,0.9515625,0.875
16,0.98984375,0.9375
16,0.98859375,0.953125
16,0.9328125,0.9375
16,0.95546875,0.953125
16,0.8953125,0.875
16,0.978125,0.859375
16,0.82578125,0.890625
16,0.95953125,0.859375
16,0.959375,0.9375
16,0.94765625,0.921875
16,0.94578125,0.90625
16,0.95890625,0.859375
16,0.96703125,0.890625
16,0.94859375,0.953125
16,0.96046875,1.0
16,0.9403125,0.921875
16,0.92609375,0.953125
16,0.96421875,1.0
16,0.651875,0.640625
16,0.95203125,0.859375
16,0.92375,0.859375
16,0.96046875,0.984375
16,0.7271875,0.5
16,0.91609375,0.984375
16,0.9690625,0.828125
16,0.966875,0.96875
16,0.92546875,0.859375
16,0.94828125,0.953125
16,0.97171875,0.90625
16,0.9528125,0.875
16,0.9715625,0.953125
16,0.9434375,0.90625
16,0.98015625,0.953125
16,0.85625,0.78125
16,0.98609375,0.9375
16,0.91421875,0.859375
16,0.975625,0.9375
16,0.97546875,0.921875
16,0.9396875,0.9375
16,0.979375,0.96875
16,0.91859375,0.921875
16,0.9465625,0.796875
16,0.9290625,0.921875
16,0.971875,0.9375
16,0.96203125,0.921875
16,0.95078125,0.875
16,0.9734375,0.84375
16,0.92109375,0.890625
16,0.895,0.859375
16,0.89765625,0.796875
16,0.9765625,0.78125
16,0.90703125,0.875
16,0.936875,1.0
16,0.95578125,0.890625
16,0.9359375,0.96875
16,0.97125,0.84375
16,0.9740625,0.953125
16,0.95390625,0.84375
16,0.949375,0.921875
16,0.94078125,0.921875
16,0.8871875,0.75
16,0.9115625,0.9375
16,0.90640625,0.90625
16,0.969375,0.96875
16,0.95296875,0.90625
16,0.9284375,0.84375
16,0.8375,0.8125
16,0.98390625,0.921875
16,0.875625,0.796875
16,0.9615625,0.875
16,0.95265625,0.921875
16,0.9121875,0.890625
16,0.99296875,0.921875
16,0.88734375,0.875
16,0.93546875,0.96875
16,0.96703125,0.984375
16,0.9765625,0.953125
16,0.96125,0.8125
16,0.94703125,0.96875
16,0.98234375,0.96875
16,0.95421875,0.734375
16,0.9809375,0.984375
16,0.9415625,0.953125
16,0.9275,0.84375
16,0.9471875,0.96875
16,0.94671875,0.90625
16,0.9534375,0.96875
16,0.9225,0.828125
16,0.92984375,0.84375
16,0.92234375,0.953125
16,0.9540625,0.921875
16,0.98515625,0.96875
32,0.93515625,0.8984375
32,0.973828125,0.8828125
32,0.979921875,0.9375
32,0.980234375,0.921875
32,0.947890625,0.921875
32,0.973515625,0.9375
32,0.96609375,0.9765625
32,0.97828125,0.953125
32,0.96875,0.9765625
32,0.964140625,0.921875
32,0.95796875,0.890625
32,0.96890625,0.9609375
32,0.988125,0.9140625
32,0.982734375,0.9609375
32,0.939140625,0.9296875
32,0.942265625,0.9140625
32,0.978125,0.9296875
32,0.957890625,0.8671875
32,0.952578125,0.9609375
32,0.973125,0.890625
32,0.913359375,0.921875
32,0.9884375,0.984375
32,0.944296875,0.859375
32,0.958984375,0.9453125
32,0.958515625,0.9375
32,0.968515625,0.9609375
32,0.981875,0.96875
32,0.944140625,0.9609375
32,0.980703125,0.96875
32,0.93390625,0.9140625
32,0.964375,0.8359375
32,0.95140625,0.9609375
32,0.98375,0.9765625
32,0.952109375,0.9140625
32,0.993515625,0.9921875
32,0.95359375,0.8984375
32,0.966953125,0.9765625
32,0.958203125,0.90625
32,0.960859375,0.9453125
32,0.97546875,0.9453125
32,0.99078125,0.9140625
32,0.97484375,0.9375
32,0.9446875,0.9375
32,0.986953125,0.9921875
32,0.95265625,0.9453125
32,0.980625,0.96875
32,0.98421875,1.0
32,0.96625,0.8671875
32,0.97765625,0.9453125
32,0.975859375,0.9140625
32,0.990859375,0.953125
32,0.980234375,0.9609375
32,0.935390625,0.8359375
32,0.98046875,0.9140625
32,0.939140625,0.9609375
32,0.96265625,0.984375
32,0.94578125,0.921875
32,0.86671875,0.9296875
32,0.983984375,0.953125
32,0.95984375,0.90625
32,0.963359375,0.8671875
32,0.979140625,0.90625
32,0.977265625,0.953125
32,0.985390625,0.9921875
32,0.94859375,0.953125
32,0.983359375,0.9375
32,0.96171875,0.9921875
32,0.9540625,0.9140625
32,0.928828125,0.8359375
32,0.958671875,0.8515625
32,0.93171875,0.9296875
32,0.964765625,0.890625
32,0.937890625,0.921875
32,0.978828125,0.9921875
32,0.97390625,0.984375
32,0.965078125,0.9140625
32,0.979453125,0.9296875
32,0.978125,0.9765625
32,0.937890625,0.890625
32,0.960546875,0.9453125
32,0.95796875,0.890625
32,0.97796875,0.921875
32,0.75125,0.859375
32,0.9528125,0.9375
32,0.976171875,0.9765625
32,0.993203125,0.921875
32,0.956875,0.9140625
32,0.95515625,0.953125
32,0.975390625,0.953125
32,0.953828125,0.9140625
32,0.986171875,0.9609375
32,0.9853125,0.9140625
32,0.971875,0.921875
32,0.972421875,0.9453125
32,0.94359375,0.8984375
32,0.9846875,0.9140625
32,0.98453125,0.9921875
32,0.9784375,0.96875
32,0.97359375,0.9765625
32,0.986015625,0.9375
64,0.9860546875,1.0
64,0.9729296875,0.93359375
64,0.9831640625,0.953125
64,0.98953125,0.9921875
64,0.9825,0.9765625
64,0.96578125,0.984375
64,0.9748828125,0.984375
64,0.9678515625,0.96484375
64,0.971328125,0.984375
64,0.9784375,0.96875
64,0.9926171875,0.96875
64,0.9719140625,0.9609375
64,0.9576171875,0.92578125
64,0.986015625,0.9375
64,0.9852734375,0.921875
64,0.969921875,0.96484375
64,0.9598828125,0.953125
64,0.9771484375,0.94140625
64,0.948203125,0.93359375
64,0.9853515625,0.96875
64,0.969375,0.89453125
64,0.9530078125,0.94140625
64,0.9675390625,0.9453125
64,0.952265625,0.93359375
64,0.9733203125,0.953125
64,0.970078125,0.9375
64,0.9845703125,0.97265625
64,0.978515625,0.96875
64,0.9798828125,0.98828125
64,0.967109375,0.94921875
64,0.976953125,0.97265625
64,0.98578125,0.97265625
64,0.9808984375,0.9765625
64,0.9814453125,0.9609375
64,0.9853125,0.92578125
64,0.9613671875,0.953125
64,0.992734375,0.9921875
64,0.96796875,0.9765625
64,0.9625,0.9296875
64,0.9762109375,0.9375
64,0.9758203125,0.93359375
64,0.9869140625,0.99609375
64,0.9821484375,0.94921875
64,0.956015625,0.91015625
64,0.985546875,0.98828125
64,0.929296875,0.91015625
64,0.9878125,0.98828125
64,0.9814453125,0.93359375
64,0.9567578125,0.9375
64,0.9856640625,0.98046875
64,0.974140625,0.93359375
64,0.9896484375,0.984375
64,0.9748046875,0.94921875
64,0.979375,0.9609375
64,0.9806640625,0.921875
64,0.9843359375,0.95703125
64,0.9722265625,0.93359375
64,0.9907421875,0.9921875
64,0.9971875,0.97265625
64,0.9799609375,0.96875
64,0.9796484375,0.9609375
64,0.9583203125,0.984375
64,0.9812109375,0.91015625
64,0.9903125,0.98828125
64,0.9868359375,0.9921875
64,0.9728515625,0.97265625
64,0.9519921875,0.96484375
64,0.97390625,0.9609375
64,0.9891796875,1.0
64,0.975078125,0.9765625
64,0.971640625,0.99609375
64,0.98046875,0.97265625
64,0.9848828125,0.94921875
64,0.9730859375,0.984375
64,0.99171875,0.93359375
64,0.9738671875,0.93359375
64,0.9883984375,0.94921875
64,0.9730078125,0.96484375
64,0.9772265625,0.94140625
64,0.9872265625,0.97265625
64,0.9853125,0.97265625
64,0.9825,0.96875
64,0.9680859375,0.90625
64,0.9645703125,0.96484375
64,0.9830859375,0.98828125
64,0.9834375,0.98828125
64,0.978671875,0.96875
64,0.971171875,0.9453125
64,0.9753125,0.9921875
64,0.9830859375,0.984375
64,0.9729296875,0.94921875
64,0.959921875,0.96875
64,0.98640625,0.90234375
64,0.9870703125,0.90234375
64,0.9829296875,0.9453125
64,0.992734375,0.98046875
64,0.9845703125,0.98828125
64,0.978125,0.9375
64,0.97640625,0.95703125
64,0.9775,0.953125
128,0.98943359375,0.978515625
128,0.9832421875,0.982421875
128,0.9862109375,0.96875
128,0.9805859375,0.970703125
128,0.98419921875,0.947265625
128,0.95158203125,0.9453125
128,0.9934375,0.98046875
128,0.99021484375,0.974609375
128,0.98021484375,0.9453125
128,0.98783203125,0.9609375
128,0.989765625,0.96875
128,0.97638671875,0.982421875
128,0.98291015625,0.98828125
128,0.9920703125,0.970703125
128,0.9836328125,0.978515625
128,0.99001953125,0.98046875
128,0.98791015625,0.9765625
128,0.9805859375,0.986328125
128,0.96650390625,0.984375
128,0.96978515625,0.958984375
128,0.98623046875,0.9921875
128,0.9810546875,0.984375
128,0.9890625,0.974609375
128,0.983984375,0.98046875
128,0.9744921875,0.9921875
128,0.98671875,0.9609375
128,0.98525390625,0.96875
128,0.98076171875,0.98046875
128,0.98560546875,0.9609375
128,0.98166015625,0.9765625
128,0.9798828125,0.978515625
128,0.99423828125,0.9921875
128,0.97529296875,0.97265625
128,0.99474609375,0.998046875
128,0.98955078125,0.974609375
128,0.9778125,0.958984375
128,0.98583984375,0.970703125
128,0.9730078125,0.974609375
128,0.98837890625,0.9921875
128,0.99140625,0.982421875
128,0.9828125,0.94921875
128,0.98984375,0.9765625
128,0.98875,0.9609375
128,0.98650390625,0.998046875
128,0.97888671875,0.98046875
128,0.9910546875,0.986328125
128,0.98751953125,0.98828125
128,0.9853125,0.97265625
128,0.97189453125,0.958984375
128,0.96814453125,0.986328125
128,0.99095703125,0.966796875
128,0.98884765625,0.984375
128,0.98673828125,0.958984375
128,0.996875,0.982421875
128,0.981328125,0.9921875
128,0.9912890625,0.982421875
128,0.98189453125,0.958984375
128,0.98146484375,0.966796875
128,0.9882421875,0.974609375
128,0.99033203125,0.982421875
128,0.99068359375,0.970703125
128,0.97619140625,0.986328125
128,0.9432421875,0.966796875
128,0.9916796875,0.986328125
128,0.99201171875,0.953125
128,0.98810546875,0.982421875
128,0.983828125,0.962890625
128,0.9859765625,0.97265625
128,0.987265625,0.95703125
128,0.986171875,0.9921875
128,0.98296875,0.98046875
128,0.9908984375,0.9765625
128,0.994453125,0.974609375
128,0.989609375,0.96484375
128,0.99,0.986328125
128,0.979921875,0.98828125
128,0.98765625,0.947265625
128,0.98927734375,0.974609375
128,0.97662109375,0.95703125
128,0.98572265625,0.978515625
128,0.9744921875,0.9765625
128,0.97294921875,0.96484375
128,0.9951953125,0.970703125
128,0.9903125,0.96484375
128,0.9705078125,0.931640625
128,0.98712890625,0.984375
128,0.98654296875,0.966796875
128,0.97123046875,0.96484375
128,0.9880859375,0.96875
128,0.9828515625,0.966796875
128,0.99173828125,0.962890625
128,0.9762890625,0.943359375
128,0.99001953125,0.9765625
128,0.993203125,0.986328125
128,0.994140625,0.984375
128,0.99,0.982421875
128,0.9413671875,0.939453125
128,0.9556640625,0.9765625
128,0.98966796875,0.98828125
128,0.99296875,0.994140625
256,0.987431640625,0.9833984375
256,0.99541015625,0.998046875
256,0.98146484375,0.9951171875
256,0.9844140625,0.9638671875
256,0.98400390625,0.9892578125
256,0.9905859375,0.953125
256,0.98271484375,0.994140625
256,0.9776171875,0.978515625
256,0.9916796875,0.9765625
256,0.978837890625,0.9892578125
256,0.9828515625,0.9755859375
256,0.992978515625,0.9794921875
256,0.986806640625,0.9912109375
256,0.969873046875,0.974609375
256,0.992421875,0.96875
256,0.995,0.9951171875
256,0.99283203125,0.990234375
256,0.9902734375,0.978515625
256,0.996220703125,0.986328125
256,0.98888671875,0.9736328125
256,0.996240234375,0.9833984375
256,0.979384765625,0.986328125
256,0.983046875,0.994140625
256,0.99490234375,0.9873046875
256,0.99251953125,0.9755859375
256,0.9880859375,0.98046875
256,0.986005859375,0.978515625
256,0.976904296875,0.9931640625
256,0.9778515625,0.9921875
256,0.987919921875,0.982421875
256,0.99228515625,0.9921875
256,0.98228515625,0.9951171875
256,0.981669921875,0.97265625
256,0.990419921875,0.978515625
256,0.984267578125,0.9912109375
256,0.990478515625,0.98828125
256,0.99765625,0.9833984375
256,0.98515625,0.998046875
256,0.989248046875,0.98828125
256,0.98455078125,0.974609375
256,0.975185546875,0.9873046875
256,0.986884765625,0.974609375
256,0.99630859375,0.978515625
256,0.9869140625,0.990234375
256,0.99203125,0.986328125
256,0.973857421875,0.9794921875
256,0.98224609375,0.98046875
256,0.992724609375,0.978515625
256,0.982919921875,0.98828125
256,0.987958984375,0.9541015625
256,0.9929296875,0.95703125
256,0.990810546875,0.9736328125
256,0.995537109375,0.974609375
256,0.993779296875,0.9794921875
256,0.984296875,0.982421875
256,0.99494140625,0.9658203125
256,0.99244140625,0.982421875
256,0.992666015625,0.998046875
256,0.989033203125,0.986328125
256,0.991708984375,0.984375
256,0.993798828125,0.9970703125
256,0.98513671875,0.998046875
256,0.988876953125,0.990234375
256,0.9653125,0.9453125
256,0.98361328125,0.9716796875
256,0.97853515625,0.9833984375
256,0.99564453125,0.9892578125
256,0.99310546875,0.9921875
256,0.978671875,0.9814453125
256,0.989013671875,0.97265625
256,0.994462890625,0.990234375
256,0.9857421875,0.9775390625
256,0.98783203125,0.982421875
256,0.995634765625,0.994140625
256,0.985439453125,0.986328125
256,0.987431640625,0.9814453125
256,0.98076171875,0.984375
256,0.992578125,0.974609375
256,0.98697265625,0.984375
256,0.994189453125,0.9853515625
256,0.984951171875,0.982421875
256,0.99423828125,0.9736328125
256,0.984267578125,0.982421875
256,0.971328125,0.9765625
256,0.992470703125,0.986328125
256,0.99275390625,0.982421875
256,0.9933203125,0.974609375
256,0.98474609375,0.984375
256,0.984189453125,0.9873046875
256,0.996298828125,0.9765625
256,0.976640625,0.978515625
256,0.988583984375,0.9814453125
256,0.9899609375,0.9921875
256,0.995048828125,0.99609375
256,0.97703125,0.9658203125
256,0.96814453125,0.9990234375
256,0.995361328125,0.99609375
256,0.994033203125,0.978515625
256,0.992939453125,0.9912109375
256,0.991064453125,0.9970703125
512,0.98990234375,0.98388671875
512,0.989873046875,0.9677734375
512,0.9913330078125,0.97607421875
512,0.9955859375,0.99072265625
512,0.9939208984375,0.9873046875
512,0.9959228515625,0.98291015625
512,0.99716796875,0.99365234375
512,0.9897802734375,0.9951171875
512,0.9850439453125,0.990234375
512,0.9881396484375,0.99365234375
512,0.9938525390625,0.99755859375
512,0.993984375,0.99365234375
512,0.9869970703125,0.98046875
512,0.987412109375,0.99853515625
512,0.9918017578125,0.99609375
512,0.9967041015625,0.98046875
512,0.9817333984375,0.99560546875
512,0.986123046875,0.99609375
512,0.9831396484375,0.99560546875
512,0.994169921875,0.9921875
512,0.98654296875,0.99365234375
512,0.9884228515625,0.98779296875
512,0.99474609375,0.99072265625
512,0.990537109375,0.98291015625
512,0.996953125,0.99658203125
512,0.9886962890625,0.9921875
512,0.989228515625,0.9912109375
512,0.9895751953125,0.98828125
512,0.9883544921875,0.98095703125
512,0.993466796875,0.99072265625
512,0.9859912109375,0.9970703125
512,0.9876025390625,0.99169921875
512,0.985927734375,0.98974609375
512,0.98810546875,0.99609375
512,0.9955517578125,0.98828125
512,0.984365234375,0.98291015625
512,0.990556640625,0.984375
512,0.9893359375,0.99072265625
512,0.995205078125,0.9853515625
512,0.9816162109375,0.98779296875
512,0.9969482421875,0.98583984375
512,0.986220703125,0.99072265625
512,0.9940283203125,0.9921875
512,0.9919921875,0.99072265625
512,0.9893017578125,0.98291015625
512,0.9935498046875,0.99755859375
512,0.9948876953125,0.99462890625
512,0.9923681640625,0.9951171875
512,0.9942431640625,0.998046875
512,0.984599609375,0.9736328125
512,0.987265625,0.99609375
512,0.984921875,0.9853515625
512,0.9927685546875,0.9931640625
512,0.9855419921875,0.98779296875
512,0.99625,0.9951171875
512,0.9885400390625,0.98779296875
512,0.9819384765625,0.98681640625
512,0.9853173828125,0.98828125
512,0.9958935546875,0.9921875
512,0.994833984375,0.99169921875
512,0.9856201171875,0.9814453125
512,0.979287109375,0.98583984375
512,0.9940478515625,0.99560546875
512,0.9919287109375,0.9912109375
512,0.9849560546875,0.9775390625
512,0.98404296875,0.98974609375
512,0.997294921875,0.9912109375
512,0.9836865234375,0.9892578125
512,0.9786669921875,0.994140625
512,0.99119140625,0.9912109375
512,0.9952880859375,0.99169921875
512,0.9812744140625,0.98828125
512,0.9943896484375,0.99169921875
512,0.988623046875,0.9833984375
512,0.9858447265625,0.9912109375
512,0.9919970703125,0.97412109375
512,0.9948193359375,0.9921875
512,0.9922021484375,0.98828125
512,0.9916162109375,0.9912109375
512,0.99447265625,0.97607421875
512,0.986962890625,0.994140625
512,0.9958349609375,0.9814453125
512,0.978232421875,0.98876953125
512,0.9945751953125,0.99853515625
512,0.98505859375,0.9775390625
512,0.9924072265625,0.99267578125
512,0.9922021484375,0.9833984375
512,0.986796875,0.9892578125
512,0.9939306640625,0.99951171875
512,0.991484375,0.984375
512,0.9950537109375,0.990234375
512,0.9939697265625,0.98876953125
512,0.995419921875,0.986328125
512,0.980869140625,0.99462890625
512,0.997236328125,0.9853515625
512,0.9957958984375,0.9990234375
512,0.992734375,0.98583984375
512,0.9744287109375,0.99072265625
512,0.990693359375,0.99072265625
512,0.9828564453125,0.9833984375
1024,0.99423583984375,0.992431640625
1024,0.99497314453125,0.99267578125
1024,0.99383544921875,0.99462890625
1024,0.994912109375,0.991943359375
1024,0.99446044921875,0.994140625
1024,0.9905224609375,0.987060546875
1024,0.9943017578125,0.9970703125
1024,0.988828125,0.992431640625
1024,0.9865576171875,0.99609375
1024,0.99860107421875,0.9921875
1024,0.9986083984375,0.998291015625
1024,0.99456787109375,0.984375
1024,0.99665283203125,0.996337890625
1024,0.98849853515625,0.995849609375
1024,0.99810302734375,0.99609375
1024,0.99408935546875,0.991455078125
1024,0.9942578125,0.993408203125
1024,0.98830810546875,0.994140625
1024,0.986640625,0.99755859375
1024,0.99392333984375,0.9970703125
1024,0.9848291015625,0.99609375
1024,0.99606201171875,0.98974609375
1024,0.9952197265625,0.9921875
1024,0.98710205078125,0.991943359375
1024,0.99379638671875,0.98779296875
1024,0.98556640625,0.984375
1024,0.99844970703125,0.99365234375
1024,0.989052734375,0.994384765625
1024,0.99418212890625,0.990234375
1024,0.99024169921875,0.998046875
1024,0.99586669921875,0.995361328125
1024,0.99552001953125,0.99560546875
1024,0.99772705078125,0.98828125
1024,0.99170654296875,0.99072265625
1024,0.9895849609375,0.99072265625
1024,0.9960009765625,0.989990234375
1024,0.993427734375,0.995849609375
1024,0.989423828125,0.99560546875
1024,0.997041015625,0.99267578125
1024,0.9989892578125,0.99853515625
1024,0.98716796875,0.988525390625
1024,0.99409423828125,0.98486328125
1024,0.9976953125,0.9931640625
1024,0.9861279296875,0.997314453125
1024,0.9956640625,0.989501953125
1024,0.99525634765625,0.990966796875
1024,0.99306640625,0.992431640625
1024,0.99179443359375,0.993896484375
1024,0.988037109375,0.99169921875
1024,0.99857421875,0.994873046875
1024,0.99195068359375,0.998046875
1024,0.98450927734375,0.998291015625
1024,0.99609375,0.9912109375
1024,0.99343017578125,0.98828125
1024,0.99642822265625,0.99853515625
1024,0.99133056640625,0.993896484375
1024,0.9936865234375,0.99267578125
1024,0.99255126953125,0.994384765625
1024,0.99628173828125,0.984375
1024,0.98900390625,0.997314453125
1024,0.993779296875,0.99609375
1024,0.99349853515625,0.99609375
1024,0.99847900390625,0.998779296875
1024,0.9958740234375,0.998779296875
1024,0.9966015625,0.99609375
1024,0.9973779296875,0.99365234375
1024,0.99151123046875,0.99365234375
1024,0.99455810546875,0.99609375
1024,0.99347900390625,0.99755859375
1024,0.99701416015625,0.9892578125
1024,0.9868017578125,0.997314453125
1024,0.98,0.993896484375
1024,0.994580078125,0.993896484375
1024,0.99725341796875,0.995849609375
1024,0.991435546875,0.9921875
1024,0.9971875,0.994384765625
1024,0.99596923828125,0.99169921875
1024,0.9937353515625,0.991943359375
1024,0.99814697265625,0.99267578125
1024,0.99559326171875,0.998291015625
1024,0.99780517578125,0.994873046875
1024,0.99414794921875,0.989990234375
1024,0.9918017578125,0.987548828125
1024,0.99135498046875,0.993896484375
1024,0.994658203125,0.993408203125
1024,0.996884765625,0.997314453125
1024,0.989384765625,0.99560546875
1024,0.99723388671875,0.994140625
1024,0.994326171875,0.98681640625
1024,0.993154296875,0.9873046875
1024,0.99676513671875,0.996337890625
1024,0.9863671875,0.9921875
1024,0.99708740234375,0.994140625
1024,0.991826171875,0.993896484375
1024,0.998134765625,0.99609375
1024,0.99436767578125,0.995849609375
1024,0.99619140625,0.99267578125
1024,0.9972607421875,0.994140625
1024,0.9918798828125,0.990234375
1024,0.99612548828125,0.99462890625
2048,0.993350830078125,0.996826171875
2048,0.992825927734375,0.9981689453125
2048,0.995521240234375,0.9969482421875
2048,0.998551025390625,0.9923095703125
2048,0.99656494140625,0.99951171875
2048,0.99796875,0.9967041015625
2048,0.9947705078125,0.9964599609375
2048,0.9967919921875,0.9942626953125
2048,0.9897412109375,0.998291015625
2048,0.99346923828125,0.9942626953125
2048,0.992869873046875,0.9915771484375
2048,0.995108642578125,0.998046875
2048,0.99846435546875,0.996826171875
2048,0.994271240234375,0.9952392578125
2048,0.995906982421875,0.993896484375
2048,0.9989306640625,0.993408203125
2048,0.995577392578125,0.9984130859375
2048,0.998653564453125,0.995361328125
2048,0.99069580078125,0.994873046875
2048,0.99619873046875,0.99853515625
2048,0.995484619140625,0.9990234375
2048,0.994647216796875,0.9984130859375
2048,0.99455078125,0.995849609375
2048,0.995430908203125,0.9991455078125
2048,0.995946044921875,0.9962158203125
2048,0.990772705078125,0.9984130859375
2048,0.9892333984375,0.9942626953125
2048,0.9990234375,0.991943359375
2048,0.993294677734375,0.996337890625
2048,0.99255615234375,0.9991455078125
2048,0.99748046875,0.9952392578125
2048,0.99726318359375,0.999267578125
2048,0.99828125,0.9942626953125
2048,0.998157958984375,0.9949951171875
2048,0.99770263671875,0.999267578125
2048,0.996846923828125,0.9971923828125
2048,0.99656982421875,0.9969482421875
2048,0.998563232421875,0.9984130859375
2048,0.994591064453125,0.9962158203125
2048,0.993607177734375,0.9931640625
2048,0.9981884765625,0.9937744140625
2048,0.99866455078125,0.9937744140625
2048,0.987232666015625,0.99462890625
2048,0.99209716796875,0.9927978515625
2048,0.99392822265625,0.9974365234375
2048,0.9986083984375,0.9967041015625
2048,0.992470703125,0.9971923828125
2048,0.997366943359375,0.998779296875
2048,0.990889892578125,0.9971923828125
2048,0.99170654296875,0.99365234375
2048,0.985830078125,0.9908447265625
2048,0.996258544921875,0.9969482421875
2048,0.9959716796875,0.999755859375
2048,0.9913037109375,0.9957275390625
2048,0.99912109375,0.9942626953125
2048,0.9946533203125,0.99658203125
2048,0.9906689453125,0.994873046875
2048,0.99567626953125,0.9981689453125
2048,0.99362060546875,0.9971923828125
2048,0.99786865234375,0.99560546875
2048,0.99446044921875,0.9915771484375
2048,0.99659912109375,0.9970703125
2048,0.99532958984375,0.9930419921875
2048,0.987132568359375,0.9935302734375
2048,0.993369140625,0.9991455078125
2048,0.984609375,0.9979248046875
2048,0.997696533203125,0.9951171875
2048,0.998465576171875,0.9970703125
2048,0.99473388671875,0.9945068359375
2048,0.99886962890625,0.9957275390625
2048,0.9949169921875,0.998046875
2048,0.99626953125,0.9974365234375
2048,0.999088134765625,0.9920654296875
2048,0.98946533203125,0.999267578125
2048,0.9941748046875,0.993408203125
2048,0.994947509765625,0.9974365234375
2048,0.994278564453125,0.997314453125
2048,0.997474365234375,0.9927978515625
2048,0.989161376953125,0.9915771484375
2048,0.997403564453125,0.9971923828125
2048,0.995972900390625,0.998779296875
2048,0.997786865234375,0.9910888671875
2048,0.9927587890625,0.9976806640625
2048,0.997269287109375,0.9991455078125
2048,0.993067626953125,0.9925537109375
2048,0.996448974609375,0.9959716796875
2048,0.99928466796875,0.996826171875
2048,0.99285888671875,0.990478515625
2048,0.996575927734375,0.9974365234375
2048,0.99315673828125,0.9954833984375
2048,0.99833984375,0.9970703125
2048,0.99822998046875,0.9954833984375
2048,0.993482666015625,0.9932861328125
2048,0.99610595703125,0.997314453125
2048,0.997314453125,0.997314453125
2048,0.98894775390625,0.9970703125
2048,0.997596435546875,0.9974365234375
2048,0.99673828125,0.994384765625
2048,0.996954345703125,0.9971923828125
2048,0.990028076171875,0.9962158203125
4096,0.998472900390625,0.9979248046875
4096,0.9976824951171875,0.99737548828125
4096,0.9977435302734375,0.9969482421875
4096,0.9955035400390625,0.9970703125
4096,0.99770751953125,0.9991455078125
4096,0.9984356689453125,0.9970703125
4096,0.9981243896484375,0.99627685546875
4096,0.9971258544921875,0.99755859375
4096,0.9961492919921875,0.9974365234375
4096,0.99501220703125,0.99334716796875
4096,0.9956982421875,0.996337890625
4096,0.997598876953125,0.9937744140625
4096,0.99563720703125,0.99578857421875
4096,0.99587158203125,0.99822998046875
4096,0.9989404296875,0.99359130859375
4096,0.997457275390625,0.994384765625
4096,0.99750732421875,0.99951171875
4096,0.995469970703125,0.99554443359375
4096,0.9929290771484375,0.9932861328125
4096,0.9955523681640625,0.99835205078125
4096,0.99610107421875,0.99853515625
4096,0.9949322509765625,0.99810791015625
4096,0.9971282958984375,0.995361328125
4096,0.9968438720703126,0.9990234375
4096,0.9953240966796875,0.99542236328125
4096,0.996636962890625,0.99920654296875
4096,0.998995361328125,0.9954833984375
4096,0.994959716796875,0.9984130859375
4096,0.9994329833984374,0.99615478515625
4096,0.995242919921875,0.9942626953125
4096,0.997813720703125,0.99774169921875
4096,0.996123046875,0.9984130859375
4096,0.99273193359375,0.99542236328125
4096,0.9895367431640625,0.99591064453125
4096,0.99733154296875,0.9962158203125
4096,0.9938067626953125,0.9979248046875
4096,0.9983575439453125,0.99761962890625
4096,0.995494384765625,0.9970703125
4096,0.9987469482421875,0.99847412109375
4096,0.9983856201171875,0.9954833984375
4096,0.99876953125,0.9971923828125
4096,0.9941796875,0.998291015625
4096,0.9952392578125,0.99615478515625
4096,0.9931341552734375,0.998046875
4096,0.998270263671875,0.99957275390625
4096,0.9962982177734375,0.99774169921875
4096,0.9973016357421876,0.99725341796875
4096,0.995570068359375,0.9981689453125
4096,0.9962530517578125,0.996337890625
4096,0.9941156005859375,0.99822998046875
4096,0.9957513427734375,0.99774169921875
4096,0.993792724609375,0.99664306640625
4096,0.9963018798828125,0.9976806640625
4096,0.996219482421875,0.99853515625
4096,0.9974163818359375,0.997314453125
4096,0.997960205078125,0.998291015625
4096,0.99212158203125,0.99749755859375
4096,0.9950567626953125,0.99658203125
4096,0.9942974853515625,0.99737548828125
4096,0.997784423828125,0.99835205078125
4096,0.9972894287109375,0.997802734375
4096,0.9931048583984375,0.99652099609375
4096,0.9983404541015625,0.99871826171875
4096,0.997142333984375,0.9979248046875
4096,0.9963238525390625,0.9970703125
4096,0.996549072265625,0.996337890625
4096,0.9941888427734376,0.9991455078125
4096,0.997742919921875,0.99755859375
4096,0.998807373046875,0.9979248046875
4096,0.9943243408203125,0.9967041015625
4096,0.995814208984375,0.9974365234375
4096,0.99101806640625,0.99609375
4096,0.9980755615234375,0.99462890625
4096,0.992935791015625,0.99884033203125
4096,0.997752685546875,0.9951171875
4096,0.99850341796875,0.99676513671875
4096,0.991221923828125,0.99609375
4096,0.993336181640625,0.99725341796875
4096,0.9941534423828124,0.99627685546875
4096,0.9968792724609375,0.99420166015625
4096,0.994530029296875,0.99749755859375
4096,0.9970635986328125,0.9964599609375
4096,0.9962939453125,0.99505615234375
4096,0.9949212646484376,0.99853515625
4096,0.99750244140625,0.996337890625
4096,0.9916656494140625,0.999755859375
4096,0.9989141845703124,0.9974365234375
4096,0.9979864501953125,0.99505615234375
4096,0.9951849365234375,0.9986572265625
4096,0.993909912109375,0.999267578125
4096,0.9946026611328125,0.997314453125
4096,0.99810302734375,0.9971923828125
4096,0.9933477783203125,0.99566650390625
4096,0.9963531494140625,0.99676513671875
4096,0.9939373779296875,0.9964599609375
4096,0.997041015625,0.99798583984375
4096,0.9984002685546876,0.99383544921875
4096,0.995672607421875,0.99859619140625
4096,0.99550048828125,0.997314453125
4096,0.99937744140625,0.99761962890625
8192,0.9997274780273437,0.99725341796875
8192,0.9968853759765625,0.99957275390625
8192,0.9993667602539062,0.99859619140625
8192,0.9979452514648437,0.9986572265625
8192,0.9968038940429688,0.998626708984375
8192,0.9967578125,0.998870849609375
8192,0.9921261596679688,0.998443603515625
8192,0.9955838012695313,0.997772216796875
8192,0.997030029296875,0.999359130859375
8192,0.99685546875,0.99853515625
8192,0.9986785888671875,0.998138427734375
8192,0.995015869140625,0.997833251953125
8192,0.9948138427734375,0.99859619140625
8192,0.9988824462890625,0.99847412109375
8192,0.9953268432617187,0.998016357421875
8192,0.99056396484375,0.99822998046875
8192,0.9994601440429688,0.998016357421875
8192,0.9997735595703126,0.998016357421875
8192,0.9938784790039062,0.998291015625
8192,0.99787109375,0.996551513671875
8192,0.9976535034179688,0.9986572265625
8192,0.9937033081054687,0.997833251953125
8192,0.9977047729492188,0.998687744140625
8192,0.9953692626953125,0.998687744140625
8192,0.9950299072265625,0.999053955078125
8192,0.9993710327148437,0.99755859375
8192,0.9970309448242187,0.99847412109375
8192,0.9964944458007813,0.99798583984375
8192,0.9966879272460938,0.998291015625
8192,0.9971389770507812,0.996307373046875
8192,0.9987039184570312,0.998046875
8192,0.9969210815429688,0.99688720703125
8192,0.9995608520507813,0.99957275390625
8192,0.9959423828125,0.99786376953125
8192,0.9937326049804688,0.9970703125
8192,0.9984326171875,0.9979248046875
8192,0.9991500854492188,0.998321533203125
8192,0.9985238647460938,0.99920654296875
8192,0.9945169067382813,0.999481201171875
8192,0.996309814453125,0.998992919921875
8192,0.9930194091796875,0.99749755859375
8192,0.9970547485351563,0.998626708984375
8192,0.9961575317382813,0.996978759765625
8192,0.9947189331054688,0.9984130859375
8192,0.9975033569335937,0.999786376953125
8192,0.99576416015625,0.999267578125
8192,0.9949072265625,0.998931884765625
8192,0.9954360961914063,0.99871826171875
8192,0.9984323120117188,0.998687744140625
8192,0.9969155883789063,0.99713134765625
8192,0.99311767578125,0.99688720703125
8192,0.9965606689453125,0.999542236328125
8192,0.9914971923828125,0.9981689453125
8192,0.9920703125,0.99993896484375
8192,0.9972369384765625,0.998138427734375
8192,0.999398193359375,0.9974365234375
8192,0.9974493408203124,0.998199462890625
8192,0.9988153076171875,0.99932861328125
8192,0.9941156005859375,0.99945068359375
8192,0.9927081298828125,0.997467041015625
8192,0.9991561889648437,0.9986572265625
8192,0.9962005615234375,0.997772216796875
8192,0.9941143798828125,0.997314453125
8192,0.999464111328125,0.99871826171875
8192,0.9997998046875,0.998382568359375
8192,0.9966671752929688,0.999114990234375
8192,0.993980712890625,0.997711181640625
8192,0.993316650390625,0.996612548828125
8192,0.9950418090820312,0.9989013671875
8192,0.9978799438476562,0.998931884765625
8192,0.9951776123046875,0.9984130859375
8192,0.9972183227539062,0.998016357421875
8192,0.9989132690429687,0.998748779296875
8192,0.9972943115234375,0.999359130859375
8192,0.9930361938476563,0.99908447265625
8192,0.9988009643554687,0.998870849609375
8192,0.9977066040039062,0.99737548828125
8192,0.9942599487304687,0.997100830078125
8192,0.9957159423828125,0.996673583984375
8192,0.9970306396484375,0.99920654296875
8192,0.9970394897460938,0.998199462890625
8192,0.9984292602539062,0.9981689453125
8192,0.9970791625976563,0.996826171875
8192,0.9945932006835938,0.998504638671875
8192,0.9987545776367187,0.998046875
8192,0.99714111328125,0.99932861328125
8192,0.9970327758789063,0.998779296875
8192,0.9962716674804688,0.99688720703125
8192,0.9947988891601562,0.9971923828125
8192,0.9983639526367187,0.9990234375
8192,0.99460205078125,0.998260498046875
8192,0.9931634521484375,0.99786376953125
8192,0.9975689697265625,0.997894287109375
8192,0.9965155029296875,0.9990234375
8192,0.9991122436523437,0.998931884765625
8192,0.9958016967773438,0.998626708984375
8192,0.9944268798828125,0.99853515625
8192,0.9962362670898437,0.997955322265625
8192,0.9991275024414062,0.9984130859375
8192,0.993968505859375,0.99725341796875
16384,0.9974118041992187,0.999267578125
16384,0.997384033203125,0.9998626708984375
16384,0.9962556457519531,0.9986572265625
16384,0.995811767578125,0.99945068359375
16384,0.9981455993652344,0.9986724853515625
16384,0.9989364624023438,0.9995574951171875
16384,0.9966583251953125,0.999176025390625
16384,0.9983432006835937,0.9993438720703125
16384,0.9987962341308594,0.9985198974609375
16384,0.9959719848632812,0.99981689453125
16384,0.9981874084472656,0.9990234375
16384,0.9983172607421875,0.999359130859375
16384,0.9975746154785157,0.999114990234375
16384,0.9954537963867187,0.999420166015625
16384,0.9975141906738281,0.99920654296875
16384,0.9951948547363281,0.99957275390625
16384,0.9967997741699218,0.9991607666015625
16384,0.9948464965820313,0.99896240234375
16384,0.9952719116210937,0.9995574951171875
16384,0.9976347351074218,0.999847412109375
16384,0.9973394775390625,0.9980621337890625
16384,0.9973152160644532,0.9991912841796875
16384,0.9992776489257813,0.999114990234375
16384,0.9977192687988281,0.9996185302734375
16384,0.9987356567382812,0.9991455078125
16384,0.9978959655761719,0.999420166015625
16384,0.9990696716308594,0.9986572265625
16384,0.9978402709960937,0.9994354248046875
16384,0.9963778686523438,0.9991302490234375
16384,0.9990869140625,0.9991302490234375
16384,0.9967727661132812,0.9989166259765625
16384,0.9972050476074219,0.99951171875
16384,0.9975642395019532,0.99981689453125
16384,0.99727783203125,0.9996185302734375
16384,0.9966099548339844,0.9992828369140625
16384,0.9993550109863282,0.998809814453125
16384,0.9995709228515625,0.9981536865234375
16384,0.9987393188476562,0.9990386962890625
16384,0.9978141784667969,0.9980621337890625
16384,0.9974334716796875,0.999542236328125
16384,0.9972950744628907,0.9990386962890625
16384,0.9993705749511719,0.998809814453125
16384,0.9991726684570312,0.998504638671875
16384,0.9978659057617187,0.9992523193359375
16384,0.9984278869628906,0.999725341796875
16384,0.9993394470214844,0.9993133544921875
16384,0.9990533447265625,0.99859619140625
16384,0.9978245544433594,0.9991302490234375
16384,0.9994548034667968,0.9987640380859375
16384,0.9979913330078125,0.9988250732421875
16384,0.9969314575195313,0.9985809326171875
16384,0.9979734802246094,0.9994354248046875
16384,0.996195068359375,0.998809814453125
16384,0.9982661437988282,0.9988861083984375
16384,0.9952352905273437,0.999114990234375
16384,0.9970346069335938,0.998199462890625
16384,0.998837890625,0.998565673828125
16384,0.9994964599609375,0.9987945556640625
16384,0.9950132751464844,0.9996185302734375
16384,0.9980511474609375,0.998992919921875
16384,0.9977780151367187,0.999481201171875
16384,0.9958827209472656,0.9991607666015625
16384,0.9958952331542968,0.9979248046875
16384,0.9970579528808594,0.999114990234375
16384,0.9986483764648437,0.9988250732421875
16384,0.9975567626953125,0.9997711181640625
16384,0.9975459289550781,0.998992919921875
16384,0.9993963623046875,0.999114990234375
16384,0.9970237731933593,0.9987030029296875
16384,0.9974697875976563,0.9987640380859375
16384,0.9979341125488281,0.9991455078125
16384,0.9991058349609375,0.999298095703125
16384,0.9962403869628906,0.99908447265625
16384,0.9987532043457031,0.999053955078125
16384,0.9982038879394531,0.99951171875
16384,0.9967803955078125,0.999267578125
16384,0.9974137878417969,0.99847412109375
16384,0.9991146850585938,0.9983978271484375
16384,0.9948051452636719,0.9980926513671875
16384,0.9952772521972656,0.99908447265625
16384,0.9989979553222657,0.998748779296875
16384,0.999197998046875,0.9978485107421875
16384,0.9970050048828125,0.9970855712890625
16384,0.9989347839355469,0.9995574951171875
16384,0.998486328125,0.999176025390625
16384,0.9985948181152344,0.9997711181640625
16384,0.9987014770507813,0.9992218017578125
16384,0.9981205749511719,0.9992218017578125
16384,0.9970648193359375,0.9992828369140625
16384,0.9978948974609375,0.9981842041015625
16384,0.9966627502441406,0.998626708984375
16384,0.9988813781738282,0.9988250732421875
16384,0.996707763671875,0.9983062744140625
16384,0.9967901611328125,0.9994659423828125
16384,0.9968827819824219,0.998382568359375
16384,0.9978218078613281,0.9988555908203125
16384,0.9984912109375,0.99932861328125
16384,0.99436767578125,0.998382568359375
16384,0.9962483215332031,0.9981842041015625
16384,0.9987678527832031,0.9990692138671875
