n,gamma,perceptron gamma,svm gamma,perceptron_error,svm_error
100,0.005310778010163043,0.0011587305966364204,0.017209616372363252,0.0,0.0
100,0.005477549649346732,0.015036109184763152,0.0016272268263014889,0.05,0.0
100,0.039155302231467286,0.014172760311442963,0.01624325571737574,0.0,0.05
100,0.008271251883054232,0.001840001815135847,0.00821404337881506,0.0,0.05
100,0.0001626875676013004,0.004371560109205924,0.008991405657334728,0.1,0.05
100,0.015539530776141735,0.027066612474872312,0.01780965093904246,0.0,0.0
100,0.0007940048306674141,0.0036141312956348265,0.026819217040895463,0.05,0.05
100,0.017522080606044967,0.04015129282508823,0.030236590316413594,0.0,0.0
100,0.030811552473289504,0.01759147486250089,0.03734867303543029,0.0,0.0
100,0.007628877779957036,0.023362085190260725,0.011789022056181408,0.0,0.1
100,0.022309516622698908,0.023215083738896213,0.006328797393987363,0.0,0.0
100,0.006431325591870359,0.03244300213964395,0.004153362716922895,0.05,0.1
100,0.0019166338165430238,0.003986111253682129,0.0005561854703456591,0.0,0.05
100,0.02429279574840028,0.016604622009466618,0.000615090620676164,0.0,0.1
100,0.041946054121185496,0.03093202479792984,0.021154572447203465,0.0,0.0
100,0.007380101327154179,0.0010114921636066548,0.01760294945917245,0.2,0.15
100,0.0008746928617709074,0.0001672937709435662,0.013712177685869492,0.05,0.1
100,0.02182488071626614,0.023694401702447746,0.014280040662943501,0.0,0.0
100,0.017809831464133886,0.02115362229739084,0.015317725437619082,0.0,0.0
100,0.0056603259415995985,0.005292255338634271,0.008797939179131391,0.0,0.05
100,0.0012579200965957995,0.010348044377820241,0.004523819424027368,0.0,0.0
100,0.006548532270161298,0.0029452583991862627,0.013942619212843744,0.05,0.05
100,0.012246899803952719,0.0018944790351898653,0.0019500822120208437,0.15,0.1
100,0.011508717870793075,0.031150505217177802,0.008045739429623907,0.0,0.05
100,0.002724204531239097,0.0016418528354762898,0.0010557688764200675,0.0,0.05
100,0.0037014717867230673,0.0015986417325251465,0.028181014769399656,0.0,0.1
100,0.0017335335291628817,0.02123436470074759,0.00466945482703477,0.2,0.0
100,0.00045291361487196063,0.0006435041546004098,0.005066601223308062,0.1,0.05
100,0.0009606880670365587,0.002277134259539809,0.04725679250934768,0.05,0.05
100,0.04839844641730763,0.0556243590243585,0.010100582172723803,0.0,0.0
100,0.0012372003503662206,0.003164447620038291,0.006301098936475844,0.0,0.05
100,0.008277800518871527,0.007550636669478482,0.02937658372565988,0.0,0.05
100,0.013379361322003819,0.016564135616953447,0.006615113073406072,0.0,0.0
100,0.016495081675520246,0.010353434229597515,0.03238149034892209,0.1,0.15
100,0.0007947569416143263,0.012901775045040299,0.03362233712440198,0.0,0.05
100,0.008537057251844836,0.017036093790817147,0.0030483568195763537,0.05,0.0
100,0.007351841191201269,0.005063843703989553,0.010877547984257649,0.0,0.05
100,0.009377278175414228,0.014976551137468794,8.235600460651516e-05,0.0,0.0
100,0.0035195083992966667,0.01783069642280591,0.011111238742197858,0.05,0.1
100,0.005167999377700236,0.025599192948353756,0.029605441264266532,0.05,0.05
100,0.014736208949193468,0.015129380806379029,0.010345175028882684,0.0,0.05
100,0.0030423470936544812,0.0004149336903757578,0.0014687112049733624,0.15,0.05
100,0.02472120300150272,0.020967317178986273,0.002356279030438799,0.0,0.05
100,0.0007175098550446126,0.00041750828031039233,0.025118911752907258,0.0,0.0
100,0.006028367902218462,7.317954553589671e-05,0.03364356555841129,0.0,0.05
100,0.007683152490671489,0.005815560594877496,0.003054669264902164,0.0,0.0
100,0.0034973368991300787,0.009994338055931484,0.0012170276787042949,0.0,0.05
100,0.007687609823010864,0.022192104996680704,0.008932543382337736,0.05,0.0
100,0.006876430955141777,0.006251485688391508,0.02013363005646022,0.0,0.0
100,0.0006321306693221803,0.0004483365347196081,0.002961940366265815,0.0,0.0
100,0.0021908683130790556,0.0035057943821884974,0.0048170327781865765,0.0,0.05
100,0.010026267520184892,0.008907190707138283,0.001978283204897887,0.0,0.0
100,0.0016938864345482718,0.01503650392844992,0.014292621484589003,0.05,0.2
100,0.04266077421183663,0.007446774819502801,0.00481781109424437,0.0,0.0
100,0.011102415004554844,0.0030090308873958363,0.012903022316318133,0.0,0.0
100,0.01082156491894787,0.005789448032883408,0.03265817432955788,0.0,0.0
100,0.005287216550227488,0.006271800175645504,0.010034769963732528,0.0,0.0
100,0.003918223122939491,0.009101343927797994,0.002145437511211702,0.0,0.0
100,0.0018326416424844852,0.023074421817022475,0.033445042694132836,0.0,0.0
100,0.0018318576398428784,0.0016290403108004516,0.007524212986399567,0.0,0.1
100,0.0004067576525552736,0.01047879156556233,0.010591613715895965,0.0,0.05
100,0.002551127233759271,0.01346568337137546,0.0014598233470169992,0.0,0.0
100,0.0024357086435881758,0.044907993638491316,0.0035580061053290817,0.05,0.0
100,0.023094917406124977,0.014490378031373534,0.013162968181984317,0.0,0.0
100,0.002602219789459117,0.020844923010195013,0.010969759811884557,0.05,0.0
100,0.002300832770016284,0.00949924589150397,0.03757903091637871,0.0,0.05
100,0.015489560000436216,0.004986004986492716,0.016272065945189224,0.0,0.0
100,0.0021318229784208394,0.008497420545688469,0.002630449120280528,0.0,0.0
100,0.0009422124749513325,0.006771609511658544,0.008980925898208524,0.0,0.0
100,0.0009444043903654155,0.014808341639002336,0.009512120441406187,0.05,0.1
100,0.0026206688789096482,0.003906377571549889,0.0003351698959160571,0.0,0.0
100,0.022576462628374545,0.02125488779190702,0.025575748259438036,0.0,0.0
100,0.010452400166683867,0.003835779485631647,0.008160963384575372,0.0,0.05
100,0.00823599431360488,0.0063978215863944796,0.009133874559855116,0.0,0.0
100,0.018141553267179998,0.017130539697577093,0.0021966160476501817,0.0,0.0
100,0.0020727763735494623,0.002124999361910893,0.0010609997097876184,0.0,0.0
100,0.013035477729587994,0.015739688076607628,0.00036248890172987876,0.0,0.0
100,0.028947386093095172,0.043332959587267315,0.05221253162563976,0.0,0.0
100,0.012474672440083217,0.02442037084058609,0.006070213221816967,0.0,0.0
100,0.010975125363113746,0.018968839788883467,0.0004773827722367278,0.05,0.05
100,0.003629848764887107,0.0022164196673449964,3.35842902851443e-05,0.2,0.15
100,0.00332640455916927,0.0030315923836241924,0.0007547726359704532,0.0,0.0
100,0.015882771693682147,0.010768373458835087,0.01145931141781223,0.0,0.0
100,0.028290222833519216,0.004423485065582128,0.017266851172720737,0.0,0.05
100,0.007401186490868719,0.0017623077599346895,0.0041288907214241865,0.0,0.0
100,0.002988212099312889,0.003687831427583233,0.039855611222679256,0.0,0.1
100,0.013381232504561032,0.005437846550634471,0.007114321976415148,0.0,0.05
100,0.022855359545223938,0.021063649534449867,0.0008738930108013692,0.0,0.05
100,0.02732810221623444,0.01766382698510063,0.03722242251583326,0.05,0.0
100,0.0014418796150261826,0.03776315757065525,0.007986302354641926,0.05,0.0
100,0.013801606176650105,0.017552566188496464,0.00689103834956069,0.0,0.05
100,0.0015687963157577757,0.005501166107355219,0.03650499656572087,0.0,0.15
100,0.0001267346293257579,0.014387834342288767,0.02670377739193268,0.0,0.1
100,0.012191947210252822,0.01125869326440383,0.03385050661155268,0.0,0.05
100,0.001987515124860926,0.0010504657926554278,0.00823649661264396,0.0,0.0
100,0.0002486032804887837,0.001257579737382892,0.018140429346604366,0.0,0.05
100,0.022799075838535424,0.019828389896418174,0.0010885278232949686,0.0,0.0
100,0.007928518794223023,0.0004907635462162209,0.010617504549065982,0.0,0.05
100,0.00697362617976531,0.0293675291567307,0.014826745459326671,0.05,0.0
100,0.0016212266339360303,0.02755911004124082,0.0028805935473378264,0.0,0.0
1100,0.00021523291274457492,0.00044528304940296976,0.0003363755121452149,0.004545454545454545,0.00909090909090909
1100,0.0011061090906831752,0.0015557163315246237,0.0004454437296681996,0.0,0.0
1100,0.000556343511605613,0.00010809029069409442,0.000961540551204542,0.0,0.00909090909090909
1100,0.00020690967300719643,0.00042279003534412805,6.558748458111149e-05,0.004545454545454545,0.004545454545454545
1100,0.0022191325623117015,0.0030105698315801145,0.0036806388380353013,0.0,0.0
1100,0.0014302340476828647,0.00033215380926701605,0.0007857694577934101,0.004545454545454545,0.00909090909090909
1100,0.0027848026639073244,0.0038914723326529243,0.0008787945474951958,0.0,0.004545454545454545
1100,0.00018992420035035166,0.0011747649491335177,0.0031344415765710925,0.004545454545454545,0.0
1100,1.0019547165899753e-05,0.00013317131364364896,4.081621356785304e-05,0.08181818181818182,0.004545454545454545
1100,0.0007157813158569045,0.0003604516582170604,0.00025038653978591856,0.0,0.0
1100,0.00034848795840930637,0.0007106915256495237,0.0014607419386154566,0.0,0.004545454545454545
1100,0.00036509832718193536,0.00023627317655025324,0.0002380333890154287,0.0,0.004545454545454545
1100,0.0006248192047885697,6.08633398285078e-05,0.00021889322841079473,0.00909090909090909,0.00909090909090909
1100,0.00011481028317416704,0.0008022465746550494,0.001071636774813647,0.0,0.00909090909090909
1100,0.0018241788987868486,0.0006576585094655836,0.00037651450975553606,0.0,0.013636363636363636
1100,0.0031324904133813117,0.0023656410192018054,0.00020495370029547166,0.0,0.013636363636363636
1100,0.0005250680439338692,0.00040374076864484263,0.0030817983878188163,0.004545454545454545,0.004545454545454545
1100,8.806076613046913e-05,0.0015017193623021823,7.318113412824845e-05,0.05909090909090909,0.013636363636363636
1100,0.0007702185091663142,0.000849974101557802,0.0030283817065627997,0.0,0.0
1100,0.0002432943361875857,0.0002472330195330688,0.0012446656932344812,0.0,0.00909090909090909
1100,0.0009330406522430998,0.00010284103027814913,0.0007115584808420795,0.0,0.004545454545454545
1100,0.0002646517670992753,0.0001737292609232388,0.0011656552300942143,0.0,0.00909090909090909
1100,0.0004971127148479012,0.00036965408931264,0.0010583603370132165,0.0,0.004545454545454545
1100,0.0002824816666698981,0.0005880263918728594,0.002222415756422238,0.0,0.004545454545454545
1100,0.0019867543332351056,0.0008778503560848969,0.0007097650985910004,0.01818181818181818,0.004545454545454545
1100,0.0004816057577895317,0.000717046422843167,0.0017187244204700085,0.0,0.013636363636363636
1100,0.00019657521281390763,0.0036671918509095314,0.00014207731400008516,0.0,0.004545454545454545
1100,0.0006748940483734254,0.00030442503767431835,0.0016866534852243316,0.0,0.00909090909090909
1100,0.0007816228254791403,0.0003075086001791888,0.0011234797500787603,0.0,0.0
1100,0.002107470446543509,0.0011804773820967963,0.0017416135230627332,0.0,0.01818181818181818
1100,0.006762584580184328,0.004383866757033801,0.005029297669250752,0.0,0.0
1100,1.0296546759983472e-05,0.0006403218534780778,0.0008553236510187766,0.0,0.0
1100,0.001481952550583305,0.0007135236382035515,0.00032116447267158295,0.004545454545454545,0.004545454545454545
1100,0.0007673788020068046,0.00028354024651443743,0.0003695496101895637,0.0,0.004545454545454545
1100,0.0009026128456628948,0.00016177858265634904,0.0013169585409631057,0.0,0.0
1100,0.001269192851418248,0.0001298380770678779,0.001096555772230442,0.022727272727272728,0.013636363636363636
1100,0.0006940769807184145,0.0010868099175553234,7.366286456253382e-05,0.0,0.02727272727272727
1100,0.0009831481441614405,0.001476609678945348,0.00018045776922351138,0.0,0.0
1100,0.0001545461061655618,0.0002047351866294397,0.00042627004334237566,0.0,0.004545454545454545
1100,0.0010472762239937294,0.0006584656233861284,0.0014640341435782237,0.0,0.022727272727272728
1100,0.0010563617239480938,0.00035452022995713524,3.915592382531741e-05,0.0,0.0
1100,8.648765805842608e-05,0.00012784848830999366,6.831909475550117e-05,0.10454545454545454,0.004545454545454545
1100,0.00015366285465997088,0.001478066325593908,0.00040662968377842026,0.00909090909090909,0.004545454545454545
1100,0.0001387655868308213,0.00010013826180282221,0.0003068790816604629,0.0,0.004545454545454545
1100,1.9581331238585566e-05,0.00025252777054603063,0.0023347606720406627,0.01818181818181818,0.00909090909090909
1100,0.0002518543728823228,0.0003946113138338698,0.0006004911497832382,0.00909090909090909,0.00909090909090909
1100,0.0005278407700204182,0.0009375324847097994,0.0003875255254059151,0.0,0.0
1100,0.0017019732239620666,0.0018492712752895834,0.0019808384940190947,0.0,0.0
1100,0.00021236886491395718,4.346799132135285e-05,0.00013471598119836189,0.0,0.00909090909090909
1100,0.0002581038240923249,0.0002972736997545968,0.0031203508876144156,0.0,0.0
1100,0.003926378269632485,0.004736610146979694,0.00091239934141797,0.0,0.004545454545454545
1100,0.0011757656045125052,0.001003369776628059,0.0004407879129515615,0.004545454545454545,0.013636363636363636
1100,0.0020407614629912975,0.001701258996914926,0.0006770766596530753,0.0,0.013636363636363636
1100,4.723399157984793e-05,1.5287021689416225e-05,0.00014041621543679585,0.0,0.0
1100,0.0007710558862529125,0.0013769188102788074,0.0007166300894165822,0.0,0.00909090909090909
1100,0.00022063064977956358,0.00022325671203709483,0.0004176324935682011,0.05454545454545454,0.004545454545454545
1100,0.0002133393374313252,0.0022685914647970237,0.0018874208619745192,0.06363636363636363,0.004545454545454545
1100,0.00032954254618056524,0.0010982181926436057,0.00048790182066114186,0.0,0.00909090909090909
1100,0.00024869932668812356,0.00023589772454953652,0.00018154042869791712,0.0,0.004545454545454545
1100,0.0005075289139906345,0.0005927276458167893,0.000824790024411948,0.004545454545454545,0.01818181818181818
1100,0.00027892031304531026,0.0005924958867392634,0.002416232996037733,0.04090909090909091,0.013636363636363636
1100,0.00021791692614418106,4.159142331955789e-05,0.0001638925251609776,0.05454545454545454,0.004545454545454545
1100,0.0004995947456870425,0.00650115336017125,0.0005181087217202543,0.05,0.03636363636363636
1100,0.0007326287287215116,0.0011055951129571562,0.00032834508447224123,0.0,0.00909090909090909
1100,2.620780088437466e-05,0.0002853656140472727,0.0012562903190214206,0.0,0.004545454545454545
1100,0.00021121830958454354,4.786050674390483e-05,0.002743944243406576,0.0,0.013636363636363636
1100,0.00023056386487829895,0.00021709376216842347,0.00047046054549364,0.013636363636363636,0.004545454545454545
1100,0.00041306623505953967,0.00038886099756392604,7.201108186909008e-05,0.0,0.004545454545454545
1100,0.00033033706965039406,0.0003510203876137444,0.0011157685804795221,0.0,0.004545454545454545
1100,0.0006517140287163106,0.0021543376318020973,2.963195693564202e-05,0.004545454545454545,0.022727272727272728
1100,0.0010218992938899215,0.0008988436773770079,0.0015074552827357935,0.0,0.004545454545454545
1100,0.00022947333508379155,0.0007899179602896414,0.0020420346737768,0.0,0.00909090909090909
1100,0.0012446648015207698,0.00031619155469115505,0.0006918653511246994,0.004545454545454545,0.00909090909090909
1100,0.0014690338967642657,0.0007814966547612293,0.0018189882966307728,0.004545454545454545,0.00909090909090909
1100,0.00014637544539764652,0.0004772038040793108,0.00018455022915442773,0.0,0.004545454545454545
1100,0.00020759572788361434,0.00021834106963963495,0.00047197169415964633,0.0,0.01818181818181818
1100,0.0011898704982157408,0.0011639036784292067,0.0036201287667071915,0.0,0.02727272727272727
1100,0.0015313517521901938,0.002518701596732144,0.00026505095910511246,0.00909090909090909,0.0
1100,0.0012302218592722697,0.002991552485430354,0.0036282830977412976,0.004545454545454545,0.0
1100,4.536350194979129e-05,0.00027228452796898453,0.0022895611478038766,0.0,0.0
1100,0.0008547267089902757,8.64750933023272e-05,0.0002347068672484795,0.07272727272727272,0.0
1100,0.0015389381601254998,0.001472909653265164,0.001761423437715208,0.00909090909090909,0.01818181818181818
1100,0.0006310378279988125,0.0017767771183326403,0.000300043626297356,0.0,0.01818181818181818
1100,0.0015042730037964393,0.0006947646319709396,0.001269534016677996,0.0,0.004545454545454545
1100,0.0004931026845797441,0.0005187805507542157,0.0008106166371473861,0.0,0.00909090909090909
1100,0.0015841254627003078,0.0008906335175325987,0.0009061030556220914,0.004545454545454545,0.00909090909090909
1100,0.0014566742001539505,0.0018683401885034232,0.00041480903635643574,0.0,0.013636363636363636
1100,0.0005580982686220475,0.0005127228415777097,1.6336549845894873e-05,0.0,0.004545454545454545
1100,0.002138880657608064,0.0007517969409053608,0.00048741952149831535,0.01818181818181818,0.004545454545454545
1100,0.0016465996526252996,0.0009172771191448148,0.0002017445391737877,0.0,0.00909090909090909
1100,0.00020131308013287045,0.0009226684182350546,0.0005800059694600467,0.004545454545454545,0.0
1100,0.0009303603462796325,0.0008053946728163036,0.0009341719582566329,0.0,0.022727272727272728
1100,0.0002557532162299485,0.0007493176292971941,0.0023811638843387675,0.07272727272727272,0.0
1100,0.0006472750897440727,0.0006529977852394892,0.002794427395674736,0.0,0.00909090909090909
1100,0.0005961902492792591,0.0006052321110595899,0.0009504932667325072,0.0,0.0
1100,0.00038750724575433977,0.0006747482592720648,4.741027471960091e-05,0.0,0.004545454545454545
1100,0.0023852392184295175,0.0016497657310757838,0.00015155825874567163,0.0,0.004545454545454545
1100,0.0019004110430150623,0.001629840326443778,0.0007626683184283065,0.0,0.0
1100,0.00016310692217222597,0.00022719680726514642,0.004108738917580405,0.0,0.0
1100,0.0002261026554931521,0.002508566654051943,0.0003987366636324154,0.004545454545454545,0.00909090909090909
2100,4.3036995475726285e-05,0.0002854207463688595,0.00015120490877720274,0.0,0.002380952380952381
2100,1.9969736730975184e-05,0.0001245250324565057,0.0003618252684843488,0.0,0.004761904761904762
2100,0.0007061846810426225,5.784231861843125e-05,0.00031774658946871656,0.0,0.002380952380952381
2100,0.0001913204505724316,7.218039209277595e-05,0.00028007757511173416,0.0,0.002380952380952381
2100,0.001147129380043116,0.0012364224922643812,0.0016515046614093074,0.0,0.009523809523809525
2100,0.0005083361593602041,0.00019805685851585688,0.001496512012887012,0.002380952380952381,0.007142857142857143
2100,0.0014874993305222547,0.0004260878067345143,4.727955699383154e-05,0.0,0.0
2100,0.0010034368611440388,0.0003207464183899119,9.084005602492618e-05,0.0,0.004761904761904762
2100,0.0007241321289659412,0.0004072747958407839,0.0004045612569088395,0.0,0.002380952380952381
2100,0.0004672270078859094,2.9168122217880496e-05,0.0009759899562397877,0.0,0.0
2100,0.0005413794432716666,6.713610343458146e-05,0.001371717146511678,0.03571428571428571,0.0
2100,0.00032266444549572897,9.265706474245162e-05,0.0026459216560598435,0.009523809523809525,0.007142857142857143
2100,0.0014227875437341725,0.0008358206426923685,0.00034143075847237794,0.002380952380952381,0.004761904761904762
2100,0.00010618340884423849,0.000146913110230528,0.0013276326235825886,0.004761904761904762,0.0
2100,0.0008255430741773482,0.00082809600409596,0.0006434455490889018,0.0,0.002380952380952381
2100,0.00042835018182201,0.0004902091846002302,0.000964580075635523,0.0,0.002380952380952381
2100,9.192361893684922e-05,0.0008527440193274784,0.0014764469994770044,0.002380952380952381,0.0
2100,2.884769196602877e-05,0.00010427747543635807,0.00048032728943961877,0.0,0.004761904761904762
2100,0.00048057727337185336,4.143424300385319e-05,0.0011830847392649243,0.0,0.009523809523809525
2100,0.00018563779774868056,0.000667076635656889,9.079914194854968e-05,0.05,0.004761904761904762
2100,0.0008100882885268016,0.0020093113036482478,0.0001912512650974726,0.004761904761904762,0.0
2100,0.00027370567492892884,0.001011981764654097,0.0005186228691511266,0.0,0.002380952380952381
2100,0.00036989672505176584,0.002648775375365923,0.0006973321495470267,0.0,0.007142857142857143
2100,0.0003749273846895277,0.00013429625700177246,0.0001739560229395021,0.0,0.011904761904761904
2100,0.0008192922831895429,0.0010605656362800177,0.00021280071972486455,0.0,0.002380952380952381
2100,2.8042405924337732e-05,0.0011718508559122932,0.0002644882783226653,0.0,0.004761904761904762
2100,0.0001843963486340231,0.00016287227982379824,0.00036522487995841374,0.002380952380952381,0.0
2100,0.00032953321929198525,0.0010096535593688005,0.000342425902303465,0.0,0.004761904761904762
2100,0.00046997732102048635,0.0005432564642621102,4.827049018243644e-05,0.0,0.004761904761904762
2100,0.00012444828794427255,5.273371875975744e-05,0.0013917471817544722,0.0,0.02142857142857143
2100,0.00037851778158070167,0.000348676469939327,0.0005107716569196872,0.0,0.002380952380952381
2100,0.0012364386342717424,0.00028663555269969085,3.0588566735538916e-05,0.0,0.004761904761904762
2100,0.0001772517633248812,0.00012004911380945657,0.0001792241332129895,0.002380952380952381,0.007142857142857143
2100,9.491102269999476e-05,0.0001555235156192714,7.206312457610172e-05,0.004761904761904762,0.009523809523809525
2100,0.0008974100393377147,0.0017572703584782241,0.0008901520667362005,0.0,0.0
2100,0.0005804303210511512,0.00026263199835461213,0.00017417222730128565,0.0,0.002380952380952381
2100,0.00021121207917899247,1.4944512989524091e-05,9.956340159501829e-05,0.0,0.0
2100,0.00011716481565612071,0.0001706966001359521,0.0007376128696126121,0.002380952380952381,0.002380952380952381
2100,0.00018365961300930269,0.0008224427488806673,0.0007103483735223477,0.0,0.007142857142857143
2100,0.00011422804316403367,0.0007717540922629546,0.000330743590154756,0.0,0.002380952380952381
2100,0.0003589839109050704,0.0002493996363990724,0.0008693664291557319,0.002380952380952381,0.002380952380952381
2100,2.721759572741942e-05,0.0004506362626818778,0.00034718664664520844,0.0,0.009523809523809525
2100,0.0006908167692477761,0.0005927006987928992,4.660422567618824e-05,0.009523809523809525,0.0
2100,0.0005185309797450537,0.00046393541771292475,0.0003512355739222515,0.002380952380952381,0.007142857142857143
2100,0.00031135510280535015,0.0001249066530889858,0.00034828414577680304,0.004761904761904762,0.0
2100,0.0002807397357666544,0.0005639208017195801,0.0013746768464740363,0.009523809523809525,0.007142857142857143
2100,5.7938282786000135e-05,0.00020167031840944013,0.002395492560387951,0.03333333333333333,0.007142857142857143
2100,9.329022732629427e-05,0.00011284311409954339,0.0010689085975419134,0.0,0.009523809523809525
2100,0.0004203901328007083,0.00020224312171704934,0.00046938439439436346,0.0,0.011904761904761904
2100,0.0001781169406354005,6.391257743022788e-05,0.00022648480608482256,0.0,0.004761904761904762
2100,0.0016100864498183964,0.00015601262547314823,0.0010301203518215025,0.0,0.011904761904761904
2100,0.0010643994233805612,0.0008728364447722103,0.0011144428567719795,0.0,0.0
2100,8.614662605994794e-05,0.000151802979337614,0.0002693546981129853,0.002380952380952381,0.002380952380952381
2100,0.0002845113180335611,0.0008067877281005288,0.0010548211887596597,0.04285714285714286,0.0
2100,0.00024465317878699194,0.0006530880926347802,0.0007889275082315195,0.002380952380952381,0.009523809523809525
2100,5.148633826631726e-05,0.0007432201365963058,2.9761739116451445e-05,0.0,0.007142857142857143
2100,0.00011320772872149951,4.081987830250035e-05,0.0007344253516807383,0.002380952380952381,0.009523809523809525
2100,0.000769937752111143,4.634899793468976e-05,1.6343670725064836e-05,0.014285714285714285,0.004761904761904762
2100,0.000365476255157442,0.0007876793448696539,0.0005238764601915016,0.0,0.004761904761904762
2100,0.0012811005503347592,0.0011498514315779963,0.00023635191717640857,0.002380952380952381,0.007142857142857143
2100,0.0006415765552497225,0.00027424061578285686,0.0007377953234751143,0.0,0.002380952380952381
2100,0.0005011668303932673,0.0010640087441383633,0.00016190786687181506,0.004761904761904762,0.002380952380952381
2100,0.00022645126231482727,0.0001853842776131235,0.00024225580927433977,0.07142857142857142,0.004761904761904762
2100,1.5601247273332153e-05,0.0001913374214232329,0.0001475600413483367,0.06190476190476191,0.014285714285714285
2100,0.0011301994572105757,0.0011228555767064255,0.0004675110794279228,0.0,0.0
2100,0.0004321986356079899,0.0009369667479310758,0.00016336166538802002,0.0,0.002380952380952381
2100,0.0024053796801515193,0.0010567898982734591,0.0007459108401490044,0.0,0.007142857142857143
2100,0.0009012574109835701,0.0006282177738118808,0.0002896418360203394,0.0,0.0
2100,0.001436209385818945,0.001379468971761838,0.0014687806149341269,0.0,0.0
2100,0.0007330846943140527,0.0007484039841722401,0.0007939236011356227,0.0,0.0
2100,0.000336248351213089,0.0004015235356757239,9.909813140177487e-05,0.0,0.002380952380952381
2100,0.0002560236246279892,0.0002629963385557925,0.00018880489557245633,0.0,0.007142857142857143
2100,0.00015450473470807256,0.000598221759912236,0.0007060708386135578,0.002380952380952381,0.009523809523809525
2100,0.0001181298766532737,0.0005245366148946076,0.0006342534131668447,0.0,0.002380952380952381
2100,0.00013340101339901302,0.00011799792465271732,0.0009650662152390724,0.0,0.002380952380952381
2100,0.00024166298468699884,0.0002975013382276266,0.0017824374722211276,0.0,0.002380952380952381
2100,0.00018476092025142808,0.0006546164132793319,0.0005134064144987075,0.002380952380952381,0.009523809523809525
2100,0.0005308362880701863,0.000549156273553128,0.00011732007671658527,0.0,0.0
2100,0.0007602613438225219,0.0002643903871819171,6.706913198807379e-06,0.0,0.002380952380952381
2100,2.2008923309799256e-05,9.123972702895872e-05,0.0008113739821510252,0.05,0.002380952380952381
2100,6.432338831318556e-05,0.0005808182015250128,0.0007565527987977874,0.009523809523809525,0.009523809523809525
2100,0.00014054592742842082,0.0024199692968052996,0.0007712684733671814,0.002380952380952381,0.002380952380952381
2100,0.00041771524060534477,0.00010812324136480543,0.00012009163076058528,0.0,0.002380952380952381
2100,0.0006853757309478297,0.0026151829089851326,0.0001803615277503629,0.007142857142857143,0.009523809523809525
2100,0.00017887280562673522,0.00022211940148109742,0.0013682770018962882,0.0,0.002380952380952381
2100,0.00042727737070744347,0.00021020214747681607,0.00032931108874674096,0.009523809523809525,0.014285714285714285
2100,0.0004180379675196671,0.00030305496060882976,0.00014715021436936799,0.0,0.002380952380952381
2100,0.0002161863511630757,3.7552684604122926e-05,0.00010786841696567808,0.0,0.007142857142857143
2100,0.0010110333209803174,0.001398105439973757,0.00010358309733471489,0.0,0.009523809523809525
2100,0.00019466197584017044,0.0010069590392594921,0.00034758694535407425,0.0,0.004761904761904762
2100,2.9636986282461116e-05,0.0008469464424907038,0.001608856357187717,0.0,0.0
2100,7.298188419580983e-05,0.00045079825361469904,0.0011723948034405981,0.0,0.011904761904761904
2100,0.003014587657733962,0.0019783244233728217,0.00022530176360050004,0.0,0.004761904761904762
2100,0.0008136778542529558,0.0001539056933626705,2.534031943896131e-05,0.0,0.0
2100,8.822966683625743e-05,9.690239984874122e-05,0.00016987430562374263,0.0,0.007142857142857143
2100,0.0003844603019391957,8.215332749656578e-05,0.00011057856447907816,0.014285714285714285,0.0
2100,0.004288946262132995,0.003974587875970332,1.5145114324020111e-05,0.0,0.0
2100,0.00013701266186536438,0.0014030808867121782,0.00020606351550123253,0.007142857142857143,0.007142857142857143
2100,0.00025114729721380555,3.486477233914426e-05,0.00016377012420704058,0.004761904761904762,0.002380952380952381
2100,0.00016573502408477782,0.0006818897943652847,0.0007870188790840446,0.002380952380952381,0.0
3100,0.00041222991988330095,0.0008779836961311234,0.000547753239939403,0.0,0.0016129032258064516
3100,0.0001887548435640203,0.0007391508705310903,3.9169351058736264e-05,0.0,0.0
3100,0.0001752507348742494,0.00037351857312503916,0.0005464821804481905,0.0,0.0064516129032258064
3100,0.00015548384032186278,0.0002857558839617698,0.0004365406838722764,0.0,0.0064516129032258064
3100,5.5774069851993254e-05,0.0005986851780136957,0.00033395280094003,0.0,0.0016129032258064516
3100,0.0007072182188718108,0.00013613795318866522,0.0006619643665271447,0.0016129032258064516,0.0016129032258064516
3100,0.0002991068539003288,0.0003853815501332108,0.00021944781364864922,0.0,0.0016129032258064516
3100,3.363612989111914e-05,0.000439680344643784,0.0007458544441115685,0.0,0.0032258064516129032
3100,0.0009341167126784797,0.000153824817149133,0.00034482229484719934,0.0,0.0016129032258064516
3100,0.0003055497930689841,0.00016959053153880346,8.38474029114269e-05,0.0,0.0032258064516129032
3100,0.0008479931153689583,0.0009090207236240139,2.64813802090836e-05,0.0,0.008064516129032258
3100,0.0001890261304838913,8.118691068673249e-05,0.0008468963798960963,0.0,0.0
3100,2.7410541714704236e-05,0.00034052870088922854,3.680953488128634e-05,0.0016129032258064516,0.0
3100,6.783696185736705e-05,0.0001312836504798866,0.0009588883869477448,0.0,0.0032258064516129032
3100,8.150266120454315e-05,3.071777872947391e-05,0.000657268139565189,0.0,0.0032258064516129032
3100,0.0002601422301056445,0.0006215657817665256,0.0009845469791237103,0.0,0.0016129032258064516
3100,0.0011053846388466737,0.00044775149699242386,0.0003945818947591258,0.0,0.0032258064516129032
3100,0.000497547946480521,9.96803858612519e-05,0.0004930559420373683,0.0,0.0
3100,0.0008152213058381573,0.00027745780267927965,0.00040083667249053007,0.0,0.004838709677419355
3100,0.00035499674314139803,0.00010037640487510086,0.00010057753517032113,0.0,0.0032258064516129032
3100,0.0008124476307180168,0.0011576201588964744,0.0003184510735321372,0.0,0.0016129032258064516
3100,8.091143641067943e-05,3.24124148244722e-05,0.00021168100825482062,0.0,0.0016129032258064516
3100,0.00014210282910187853,0.00042059077192204303,0.00041862354985468253,0.05967741935483871,0.0064516129032258064
3100,0.00011266944439257588,0.0003106802960476337,0.0012575438815480172,0.04032258064516129,0.0064516129032258064
3100,2.4409850986650175e-05,0.00022359648180204458,0.00013444986717382876,0.0,0.01129032258064516
3100,0.000145466610567465,0.00012184508123968253,7.643622343938319e-06,0.0,0.0016129032258064516
3100,0.0003189235371065202,0.0007372231790617873,0.0011783433026278662,0.0064516129032258064,0.0064516129032258064
3100,0.00018958954285254996,0.00033220201900735843,0.0002948712937674325,0.0064516129032258064,0.0032258064516129032
3100,0.0004340071458635775,0.0003206514730043289,0.00045525677055373813,0.0016129032258064516,0.0016129032258064516
3100,2.2890595930266186e-05,0.00010441795900187185,8.595823000133791e-05,0.0,0.0064516129032258064
3100,4.8522348675147776e-05,0.0005456821808651829,1.1935030335317956e-05,0.04516129032258064,0.004838709677419355
3100,0.0004371846040710165,0.0001958765875610568,0.0007228814937100961,0.0,0.0016129032258064516
3100,0.0002266742394386361,7.783988376459662e-05,3.261384344104851e-05,0.0016129032258064516,0.0016129032258064516
3100,0.0003032956710972873,0.00012209781217155152,0.00013134933840190725,0.008064516129032258,0.0
3100,0.00028261959406696664,3.0165936831647553e-05,0.0005427384259052492,0.0,0.004838709677419355
3100,4.552427867969493e-06,0.0005879832719802016,0.00020698932775959188,0.0016129032258064516,0.0064516129032258064
3100,0.00012600118240278086,0.001751328461963482,0.0012452743643227356,0.0,0.0016129032258064516
3100,8.19872009831348e-05,0.0006781017389413695,0.0005072229608636454,0.008064516129032258,0.014516129032258065
3100,1.4961835166156336e-05,0.00043275936438947254,0.00030581213876593123,0.0,0.0064516129032258064
3100,0.00032687058285361535,0.00035504128923453357,0.0004062910389886662,0.0,0.008064516129032258
3100,0.0006622701314342786,0.00046660160508210847,0.00016860904494227414,0.0,0.0
3100,2.7000084582519444e-05,0.00025826211334516516,7.695891093806541e-05,0.0,0.0016129032258064516
3100,0.000225513590109689,7.375963053637211e-05,6.2241293162497e-05,0.004838709677419355,0.0064516129032258064
3100,7.935212128073496e-05,0.0002853145805351328,1.3867878025966059e-05,0.0,0.004838709677419355
3100,0.00026292499493783003,8.167860119613434e-05,0.0001355613201047563,0.0032258064516129032,0.014516129032258065
3100,0.00024065400633595702,1.6100621392166036e-05,0.0009626852801357912,0.0,0.0016129032258064516
3100,4.7779315274949876e-05,0.0019110771458337654,0.0002329392566106104,0.0,0.004838709677419355
3100,0.00017395157329084068,0.0002969524045489457,0.00038674784104758986,0.03387096774193549,0.004838709677419355
3100,3.51693570233199e-05,9.09634510038907e-05,0.00030400347539806814,0.0,0.0064516129032258064
3100,3.6828330927792785e-05,0.00017024235311525486,0.0003373550083082027,0.0,0.004838709677419355
3100,0.00042027086751077734,0.0003948823588130503,0.00012608127154298084,0.0,0.0016129032258064516
3100,4.7376743123184585e-05,9.417367340211765e-05,9.963104224882576e-05,0.0,0.0032258064516129032
3100,0.0001202198060200623,0.0006190446421267288,0.00010850977916384015,0.004838709677419355,0.012903225806451613
3100,0.0007955908603576664,0.0003312738742455771,3.187697520496124e-05,0.0,0.0064516129032258064
3100,9.758327812007228e-05,0.00020988568594188195,0.0002177939659258598,0.0,0.0064516129032258064
3100,0.0005137973820930152,0.0005381874751034005,0.00023500898048949717,0.0032258064516129032,0.0016129032258064516
3100,0.00016104658791302718,0.00035812834802621834,0.0008070397020114373,0.0,0.0032258064516129032
3100,3.49637263236159e-06,0.00010532175214462488,0.00014443168150343055,0.0016129032258064516,0.0
3100,2.1320073425535945e-05,0.00013319709212383449,1.888795916803753e-05,0.0,0.0016129032258064516
3100,1.9722713275654298e-05,0.0004117691722359127,0.0002528545778161545,0.0016129032258064516,0.0016129032258064516
3100,9.806370139221876e-05,0.0003186220595723274,8.302833690090946e-05,0.0,0.0016129032258064516
3100,0.0002825165326581486,0.0002970048452307643,5.4959393179357894e-05,0.0,0.0016129032258064516
3100,0.0002086543008924263,4.635531892483768e-05,0.0001430095144855858,0.0,0.0016129032258064516
3100,0.0005476881095364893,0.0005699146220621897,0.0003202084430745996,0.0,0.0016129032258064516
3100,0.00016974926304839556,0.0001175509954232186,0.0015242217097764439,0.0,0.0032258064516129032
3100,0.00036053956445553076,7.985925227659933e-05,0.0013683490197671918,0.0,0.0
3100,9.698103951515322e-05,0.0004403858683255089,0.00010943386276181782,0.0032258064516129032,0.008064516129032258
3100,0.00034424981694587936,0.00035574239926984406,0.0004197612152909911,0.0,0.004838709677419355
3100,8.965071907062546e-05,7.180350139613795e-05,0.0005835155655831867,0.0064516129032258064,0.008064516129032258
3100,8.594568833871776e-05,0.0009592552395178651,0.0003305258588403771,0.0,0.0016129032258064516
3100,8.720573586399261e-05,0.0005728049985736539,0.000759439561517855,0.0016129032258064516,0.00967741935483871
3100,0.0002419591193748645,0.0005255411105009608,0.0006537196025502851,0.008064516129032258,0.0016129032258064516
3100,0.00014534065465576668,0.0010487189084293393,0.00019483370717090492,0.0,0.0
3100,0.00011438656856831142,8.409437302617794e-05,0.0005396830557815612,0.0016129032258064516,0.0064516129032258064
3100,1.2635305467043506e-05,0.000222483848814924,0.0005594641766012453,0.0,0.0064516129032258064
3100,0.00015997643031263368,4.336592277855618e-05,0.00037236650643215116,0.0032258064516129032,0.0032258064516129032
3100,0.0008040392683188903,0.0009952839181196745,0.0011886563443411185,0.0,0.0
3100,0.0001756283297661804,0.00031921693556523145,2.7630166784763383e-05,0.0,0.004838709677419355
3100,0.00028346614018319634,0.0006074605771519749,0.0007185542331445625,0.0,0.0016129032258064516
3100,0.0002853299037507705,0.0006911641926772865,0.00018566500754212966,0.0,0.0032258064516129032
3100,0.0006938465786618092,0.0003271014593345872,3.156753305494743e-05,0.0,0.004838709677419355
3100,0.00011793549390802909,0.00046349530703693946,9.734826803469737e-05,0.0,0.0016129032258064516
3100,2.8782468175966755e-05,0.00021730685467079137,0.0008097295419411128,0.014516129032258065,0.0016129032258064516
3100,3.152069865861823e-05,0.0007640529772426292,0.0003088299446212187,0.0064516129032258064,0.004838709677419355
3100,0.0007377819622020398,0.0006944081484657416,0.00020490425030996804,0.0,0.0032258064516129032
3100,0.0003654038242290309,0.00042042156065395293,0.000260821516531625,0.0016129032258064516,0.004838709677419355
3100,1.3582839588516792e-05,9.366603821662005e-05,0.0007470362784613663,0.0016129032258064516,0.004838709677419355
3100,0.000741081613215862,0.0007059082535284933,0.00010915057641426647,0.0,0.0016129032258064516
3100,0.00014114660235243386,0.0006120559645109109,0.0014248108311755905,0.0016129032258064516,0.0
3100,0.00031378906746256085,0.00013094241817512424,0.0004456146753025928,0.01935483870967742,0.0064516129032258064
3100,0.00046421002116080624,1.4452832520557573e-05,0.00035890042266801603,0.0064516129032258064,0.0
3100,1.101582009764797e-05,0.0007213751099641567,0.00010638502145963629,0.0,0.0016129032258064516
3100,7.850196547275197e-05,0.001106058545901702,0.0002428117811961707,0.0,0.00967741935483871
3100,0.0007289649876847861,0.0006226880736691512,0.00031136260108453466,0.0016129032258064516,0.0016129032258064516
3100,8.868871642229576e-05,0.0002192555671436278,0.0010278512837536185,0.0,0.0064516129032258064
3100,1.8648286218666137e-05,0.0001575329214713677,4.139365490176002e-05,0.0,0.0032258064516129032
3100,0.0004897577768672101,0.0004800996364420448,4.9102950443900115e-05,0.027419354838709678,0.004838709677419355
3100,0.00020602412903765357,7.880607524545644e-05,0.000718683872368495,0.0016129032258064516,0.0
3100,3.9766914033548887e-05,0.00019849024201807342,0.00015146761377806748,0.025806451612903226,0.0
3100,4.667681130439075e-05,0.0004464180374412055,0.00016909871424900414,0.0016129032258064516,0.0016129032258064516
4100,0.00044442143972213475,0.0004092323480409487,8.921673735662908e-05,0.0,0.0
4100,0.00020542785299246103,0.0007411212553058672,0.0009511375917678251,0.0,0.004878048780487805
4100,0.0002074183209870308,0.0002969306502956657,0.0014573260074967856,0.0,0.0024390243902439024
4100,0.0008332400193700336,0.0006771713782401704,0.00014665341985389745,0.0,0.0
4100,7.574971086525615e-05,2.9057084840865138e-05,2.8576178866203907e-05,0.003658536585365854,0.0
4100,2.8075333872047862e-05,0.00023964462918987206,0.0005497909134893097,0.0012195121951219512,0.0
4100,0.0006294023012053794,0.0008840421522847008,0.00025757710077456446,0.0,0.0012195121951219512
4100,0.00023680471419801916,0.0006392556844453671,0.0003089823652553314,0.0012195121951219512,0.0024390243902439024
4100,0.00019861619105889972,0.00042454894168571336,0.00046885635199126136,0.004878048780487805,0.0024390243902439024
4100,0.00016120113172908207,3.536734725316217e-05,0.00015732406055057448,0.0012195121951219512,0.0024390243902439024
4100,0.0002622937287138164,0.000520628269434985,0.00022257816294054658,0.0,0.00975609756097561
4100,0.0006442291900466694,0.000557679107367549,3.0246111487257107e-05,0.0,0.0012195121951219512
4100,0.0007541314250962512,0.0006338492451024474,0.0002878377348768139,0.0,0.0012195121951219512
4100,0.00012239606123314977,0.0001297253614293417,7.984409286390013e-05,0.0,0.0012195121951219512
4100,2.055782827714274e-06,6.857893025397423e-05,0.0008620167779115196,0.0,0.0024390243902439024
4100,0.00023424579601349593,0.00027262401413055893,9.427666330456544e-05,0.0,0.0
4100,0.0002555667220506474,3.9486164923555174e-05,0.00023218931440998104,0.0,0.003658536585365854
4100,3.154823051604101e-05,0.00046329177066452206,3.630206932884785e-05,0.00975609756097561,0.014634146341463415
4100,0.00013441232022767816,0.0005561632870765104,0.00013285685386805842,0.0,0.0012195121951219512
4100,2.468130634322168e-05,0.00014450900711671485,6.18522887710637e-05,0.0012195121951219512,0.007317073170731708
4100,6.61657844050195e-05,0.000297095519523838,1.9080718059765396e-05,0.0,0.0
4100,0.0015295120637896966,0.0014704217571407763,0.00018343035665040964,0.0,0.0012195121951219512
4100,0.00013320343878704083,3.670142000740103e-05,0.0001175579875180166,0.0012195121951219512,0.0024390243902439024
4100,7.977292633674774e-06,0.00014630309140073626,5.677802442917839e-05,0.0,0.0024390243902439024
4100,0.00012851067826189674,0.00040589660331804254,1.8133337090138416e-05,0.007317073170731708,0.0024390243902439024
4100,0.0001927299136102109,0.00015554644340893734,5.056480835600168e-05,0.0,0.0012195121951219512
4100,0.00018277249071916785,9.875173633561881e-05,7.65264925463862e-05,0.0,0.007317073170731708
4100,0.0002662524837442414,0.00036251145552007385,0.00015749867570982593,0.0,0.003658536585365854
4100,0.00016666049424722543,2.071262132169494e-05,0.00033153182098047033,0.003658536585365854,0.003658536585365854
4100,9.599254880598747e-05,0.00018924563792357678,0.0003216242511478818,0.0,0.0
4100,0.00032715106614733953,0.0001645990939414516,0.00021202117568179494,0.0,0.0
4100,0.00010780624963824659,8.699427079449876e-05,0.0001806501782593429,0.0,0.0012195121951219512
4100,0.00015311075627359396,0.0001374773546879737,0.0006509202244063378,0.0,0.0012195121951219512
4100,0.0003942472395809568,0.00014034427131380588,0.0010285635496091589,0.0,0.003658536585365854
4100,0.00035821721822586287,8.159713798208322e-05,0.00045674264545739033,0.0,0.003658536585365854
4100,0.0003560482802689064,3.740461324619197e-05,0.00012052041979243105,0.0012195121951219512,0.006097560975609756
4100,0.000294064729353983,0.0007257378163247125,0.0003299720847208273,0.0,0.004878048780487805
4100,9.030865907609547e-05,0.00010483979395771623,0.0003586771378984653,0.0,0.003658536585365854
4100,6.327587926331102e-05,6.225002674963469e-05,0.0005909911283884837,0.0,0.007317073170731708
4100,0.00013906602161938513,0.00012972306663837287,0.0006301497276491158,0.01707317073170732,0.0
4100,8.321778376136367e-05,0.0012814469593443022,0.0001928213972315776,0.0,0.0012195121951219512
4100,0.00014926758567697317,2.160907874422941e-05,6.93336068189338e-05,0.0,0.003658536585365854
4100,7.107565056565393e-05,0.000171669308918042,0.0001506259815802595,0.0,0.004878048780487805
4100,0.0001375393841965837,0.00024232321795025042,5.79223654781711e-05,0.0,0.015853658536585366
4100,0.0006073009769938338,0.0002650110070383452,6.22071353958266e-05,0.0012195121951219512,0.003658536585365854
4100,0.0001789352697382778,0.00011738281337811833,5.9380854663542795e-05,0.0,0.0024390243902439024
4100,3.627482044994643e-05,1.9344038357372085e-05,0.00019073141669812547,0.0,0.004878048780487805
4100,0.00020034643822427792,0.00011359212717675413,0.00010303928922908698,0.0,0.0012195121951219512
4100,0.00014370644895042196,0.00026183613624158317,0.00011050287381653571,0.0,0.0
4100,3.254539681745624e-05,0.00021453937554402573,0.0007997071607981727,0.041463414634146344,0.0012195121951219512
4100,9.95934503569871e-05,0.00017311702509739636,0.0003364226104680784,0.0,0.004878048780487805
4100,0.00015764820953760865,0.0012075387374100015,0.0021418633355226122,0.0,0.0012195121951219512
4100,0.00010685820973423681,0.0002479158555702537,4.6521733096285584e-07,0.0,0.0012195121951219512
4100,2.140334540234397e-05,0.00033069590300475755,7.13291012903772e-05,0.003658536585365854,0.0
4100,0.00039035136109020834,6.704628806153258e-05,0.00022639528156752353,0.0012195121951219512,0.0012195121951219512
4100,0.00018172873667308167,6.465316217746843e-05,0.00033672257471066954,0.0,0.006097560975609756
4100,0.0001813251228545689,6.930133099002921e-05,0.00027042142053325825,0.0,0.006097560975609756
4100,0.0011546715843167678,0.0011544365500088295,7.91918997403997e-05,0.0,0.0012195121951219512
4100,0.00022915773984322313,0.0002199380827094158,0.0010407494445555253,0.0,0.0
4100,0.00025878394641317955,0.00017193454370114338,0.00023769431943450022,0.0,0.003658536585365854
4100,0.00044750716344133147,0.00013035289291922413,7.278396941473886e-05,0.0,0.0012195121951219512
4100,0.00019157918709429277,0.000349066186579825,3.985194841136467e-05,0.0,0.0012195121951219512
4100,7.842424186763175e-05,0.00014942014279951022,1.408893173570885e-05,0.007317073170731708,0.004878048780487805
4100,0.0003343506116535791,0.00040642908101236504,0.0002445942098961012,0.0,0.0024390243902439024
4100,0.00017551504753799817,0.00022656948099432104,7.51172037823143e-05,0.0,0.0024390243902439024
4100,9.799580473723831e-05,0.0003021606017232476,0.0002796681612002755,0.006097560975609756,0.004878048780487805
4100,0.00016888009874371174,0.00016515035202954235,0.00011111303149041378,0.0024390243902439024,0.0
4100,0.0001675161806486476,8.63384640892341e-05,4.851356065402219e-05,0.0,0.0012195121951219512
4100,3.0485081387630176e-05,0.00012177227383062651,0.0007086107069264161,0.0,0.003658536585365854
4100,0.000212359249888326,0.000480753976396831,0.00012472300723905084,0.0012195121951219512,0.0012195121951219512
4100,9.72234842587882e-05,0.0001371629069656489,0.0003886436045847474,0.0024390243902439024,0.004878048780487805
4100,0.00019061098645695962,5.0725764548377536e-05,0.00027585297845252635,0.004878048780487805,0.00975609756097561
4100,0.00014614481034219557,9.164147858935959e-06,9.69102818115951e-05,0.0,0.00975609756097561
4100,0.00016342383789022538,0.0002066576721551627,5.0370414206628923e-05,0.0,0.003658536585365854
4100,0.0001047800970261945,3.601101179933597e-05,0.0002743299678985338,0.0,0.003658536585365854
4100,0.0002045190888512666,0.0002595860374523772,0.0001179283890164243,0.006097560975609756,0.006097560975609756
4100,9.712691468478788e-05,0.00021500362946920955,0.00030874366123768396,0.0,0.0
4100,0.00044281674169374517,0.00039799753218039153,0.0003227063057603458,0.0,0.004878048780487805
4100,0.00017946782047602373,0.0003529032952908099,0.00028701552638176305,0.0,0.003658536585365854
4100,7.560256176165244e-05,5.361518769366736e-05,0.00020177434720736472,0.012195121951219513,0.0
4100,0.00042239393361345507,0.0004780079850480233,0.0004009959903008508,0.0,0.0024390243902439024
4100,0.00034628525584957264,0.00038606648926115125,8.347372747203723e-05,0.0012195121951219512,0.0012195121951219512
4100,6.015470383055527e-06,0.00019598582258414758,1.6390897510522845e-05,0.0,0.0
4100,0.00045229031237026837,0.0010034476780814308,0.00031688556176570555,0.0,0.003658536585365854
4100,4.952865953100934e-05,6.112835328763709e-05,1.655007028344249e-05,0.0,0.0012195121951219512
4100,0.00027075583437500135,0.00045309147917484794,0.00021397145290347568,0.0,0.003658536585365854
4100,1.0751697296791043e-05,0.00014750400026470242,1.0846178014527965e-05,0.042682926829268296,0.0012195121951219512
4100,0.00020841438069252153,0.00015339527950731653,0.0004970451418671586,0.0,0.004878048780487805
4100,9.812348633699942e-05,0.0005454553860561616,0.0002966423553155825,0.003658536585365854,0.0024390243902439024
4100,0.00041995149924600647,4.208717866549565e-05,0.0009581181029229295,0.0,0.0012195121951219512
4100,0.00010433420644155365,0.0001278868018355584,0.00024247081302318347,0.0024390243902439024,0.004878048780487805
4100,7.622983866631881e-05,2.0071994407403922e-05,1.4588714575883077e-05,0.023170731707317073,0.003658536585365854
4100,3.93281949410882e-06,0.0006076812602953043,0.00014837233115482502,0.0012195121951219512,0.00853658536585366
4100,0.00024115384437056343,0.000368516805123358,0.00034091734422460427,0.0012195121951219512,0.003658536585365854
4100,3.2059904513771296e-05,4.4448855420812715e-05,3.576972094121243e-05,0.018292682926829267,0.0024390243902439024
4100,0.00022470219587598353,0.00019681183831551233,1.93605777999289e-05,0.0,0.0012195121951219512
4100,8.246173490816721e-05,2.1716712323773873e-05,0.0005593985322896315,0.0,0.006097560975609756
4100,3.74449383724499e-05,4.3364653155909316e-05,0.0008417875613576197,0.041463414634146344,0.0012195121951219512
4100,4.95213897951618e-06,0.0004442299275712135,0.0005986074748714732,0.0,0.003658536585365854
4100,0.0004448215126686347,0.0007057889800104576,0.00023270089906980688,0.0012195121951219512,0.0012195121951219512
5100,3.398816703441646e-05,8.601639155156513e-07,0.0001223103103604185,0.0029411764705882353,0.000980392156862745
5100,4.66466108022594e-05,5.441519662751609e-05,0.0002674901122228243,0.0,0.00196078431372549
5100,0.00013184204954919888,0.00047777019393887454,8.928630756866829e-05,0.01568627450980392,0.00392156862745098
5100,0.00035435424741009895,0.0005382142993973759,0.0006542432677332871,0.0,0.00392156862745098
5100,7.875164783750083e-05,0.00022589050600042021,0.00019189813377982784,0.0,0.00196078431372549
5100,0.000278376185187725,0.0002608923665436124,5.598965132964097e-05,0.00392156862745098,0.0
5100,8.63504497972166e-06,4.565874017543744e-05,0.0006168487548341467,0.00196078431372549,0.0
5100,0.0006243012776427656,0.0003518935806951108,3.430477617304422e-05,0.0,0.00196078431372549
5100,2.208120513678327e-05,0.0002819501506692209,0.0006500199079725109,0.00196078431372549,0.008823529411764706
5100,5.5102320305177444e-05,6.188352787141931e-05,9.371529173456516e-06,0.0,0.0
5100,0.00018810378997090617,0.00032170556740660465,4.737869902715964e-05,0.03431372549019608,0.00196078431372549
5100,0.00011151403278438524,0.00020231386912629082,0.00019172122808753627,0.00196078431372549,0.0
5100,5.042525888898431e-05,0.0005418544662468985,0.0009211645491850992,0.00196078431372549,0.00392156862745098
5100,3.608832561798997e-05,9.229780506199523e-06,0.00015959190012084965,0.0,0.00392156862745098
5100,0.00021692874150476622,0.00026714082677414477,1.1445833362840178e-05,0.000980392156862745,0.0029411764705882353
5100,0.00021649304785851666,0.00017445358167807133,7.3678585195341e-05,0.0,0.00392156862745098
5100,0.00012746915971292646,3.7596855986286474e-05,0.0001841756045157331,0.0196078431372549,0.00392156862745098
5100,1.427448172488828e-06,8.039492011774965e-05,0.00010467432524338456,0.000980392156862745,0.0029411764705882353
5100,0.00018318877239333292,0.0004485014027331769,0.00013924445182341328,0.0029411764705882353,0.0029411764705882353
5100,0.00013349318880407526,0.00016242168014567895,0.00013964924245749106,0.0,0.004901960784313725
5100,4.820209443232406e-06,5.7799513309389826e-05,8.016285939512036e-05,0.0,0.0029411764705882353
5100,2.505020362031588e-05,0.00022971533956158633,0.00011882921763165236,0.0,0.00196078431372549
5100,0.00017536022626188981,0.00014490686694762256,0.00011652012061101446,0.0,0.00196078431372549
5100,4.5041602818873464e-05,0.0003716260967448251,1.1852292841478584e-05,0.000980392156862745,0.000980392156862745
5100,0.0003425166760600363,0.0005169282746093702,0.00027064595488086483,0.0,0.000980392156862745
5100,0.0001673130016602476,0.00021107700341430058,4.6179247177296e-05,0.000980392156862745,0.004901960784313725
5100,0.00036768587252474665,0.00018046933808130435,0.0010385396272912727,0.01568627450980392,0.0029411764705882353
5100,2.991910177381192e-05,9.126907720087026e-05,0.0002725931392656051,0.00392156862745098,0.000980392156862745
5100,0.0001727725463520174,0.0002508820551287987,0.00021168454906713886,0.0,0.000980392156862745
5100,0.0005398350749911407,0.00019424696114298952,0.00037972049469051517,0.000980392156862745,0.000980392156862745
5100,0.0005003478895119029,0.00014192872662276772,0.00021431308487258327,0.008823529411764706,0.00196078431372549
5100,0.0002962298161971169,0.00013685710437763443,0.00012669202109552292,0.0,0.0
5100,0.000390390373180185,0.0006847704470119768,0.00034917687091720774,0.013725490196078431,0.0
5100,5.2688625203043925e-05,7.477951367211046e-05,6.1865650516759e-06,0.0,0.00196078431372549
5100,0.00020194404982058824,0.0002591433538713531,8.977071683825221e-05,0.0,0.004901960784313725
5100,0.00013746734483307128,0.0004602705153532106,6.809976381589949e-05,0.0,0.00980392156862745
5100,0.000361139229917447,0.00045583343307315194,0.0002999784044836518,0.0,0.000980392156862745
5100,1.2828814681445836e-05,5.8448339619616765e-05,4.877913730808472e-05,0.000980392156862745,0.00784313725490196
5100,0.00018379600954881108,6.697091614540667e-05,0.00020686553314976664,0.0,0.0
5100,0.00030056100973594835,4.846291397897204e-05,5.670447128057795e-05,0.0,0.000980392156862745
5100,0.00014844795589537854,2.3512242007034747e-05,0.00019551958455483667,0.0,0.00392156862745098
5100,0.0002102235864075556,0.00010864031479781977,6.716843307274996e-06,0.03431372549019608,0.000980392156862745
5100,7.5394120323083266e-06,1.6382081165112117e-05,0.00029873334784531367,0.0,0.00196078431372549
5100,0.00037216346260176615,0.0002478156744779702,8.292577306828529e-05,0.0,0.00784313725490196
5100,0.0009741091392257697,3.749989975062698e-05,0.00047246262940236306,0.004901960784313725,0.00196078431372549
5100,0.00011344594096781042,0.0002758594859038812,0.0007202465468967774,0.0,0.0
5100,0.0002260143985762728,0.00011784277228977311,0.000287882102555798,0.0029411764705882353,0.000980392156862745
5100,3.232168917064142e-05,0.00017304828710957334,8.546156695424946e-05,0.006862745098039216,0.004901960784313725
5100,7.658642318360445e-05,0.00017551528575621692,0.00021619498618953814,0.03235294117647059,0.0029411764705882353
5100,0.00014755682496927263,8.5174921938947e-05,7.818202229373796e-06,0.0,0.00196078431372549
5100,0.00013955351474485503,0.00025334107777056297,0.0005137072710928613,0.0,0.0058823529411764705
5100,0.00048315517559327135,0.0004053774506592166,0.0004420123312820797,0.0,0.00196078431372549
5100,2.1647194100064177e-06,2.116442816722817e-05,0.00031154187182031264,0.0,0.00980392156862745
5100,1.031634159135094e-05,8.615695222824147e-05,6.928989231309727e-05,0.00196078431372549,0.000980392156862745
5100,5.358640885113797e-05,0.000428569844959626,0.0001427416755557335,0.000980392156862745,0.0058823529411764705
5100,0.0003514673511437285,0.0002136560200604686,0.0003669337688056594,0.0,0.00196078431372549
5100,0.00019699704761657008,0.00014126672976062283,0.0001645648281811613,0.0,0.000980392156862745
5100,0.0001739074413039624,0.0010017759258625007,0.0001428302131133273,0.00196078431372549,0.0029411764705882353
5100,0.00017427808269994735,0.000201031483458734,0.0003680305187545248,0.00392156862745098,0.00784313725490196
5100,9.784515456993176e-05,0.00020704671832856607,4.9223677064811056e-05,0.0,0.000980392156862745
5100,0.00034475520549385037,0.0007398099446311017,0.00022161495087362278,0.00196078431372549,0.0029411764705882353
5100,9.282495515718546e-05,0.00030023947410670685,5.0992319033979894e-05,0.000980392156862745,0.0029411764705882353
5100,0.00017881001117646639,0.00010170733217787034,7.342869257650015e-05,0.0,0.00392156862745098
5100,9.982630341157458e-05,0.0005909647927065083,0.0002995139636871302,0.0,0.0058823529411764705
5100,9.540802926570701e-05,0.00012371771976530969,8.87653807693354e-06,0.0,0.0029411764705882353
5100,1.2362774568345254e-05,0.0002539631189533362,0.0006138339596615821,0.000980392156862745,0.00784313725490196
5100,0.0005695231499898457,0.0007379002763647417,5.602959853062563e-05,0.0,0.0
5100,0.0004517441488707669,0.00037492895720165785,0.0010414382658320291,0.0,0.000980392156862745
5100,6.934483007519112e-05,6.833833978257555e-05,4.5405755018098785e-05,0.0,0.000980392156862745
5100,6.577319825852213e-05,1.1554107473203905e-05,0.000439932349099117,0.0,0.0029411764705882353
5100,6.302636427019101e-05,0.0001525760201443798,0.0006077239329992625,0.0,0.00196078431372549
5100,0.0003952485496239368,0.0003096682212974818,0.0002285231271964495,0.0,0.00392156862745098
5100,5.623383922442211e-05,0.0003562118359399083,0.001010756347342741,0.00980392156862745,0.0
5100,0.00021316498483886178,0.00021301243985159135,2.0701798370818776e-05,0.04411764705882353,0.00196078431372549
5100,0.0003005357720343914,0.00019583361553602034,0.0006796142397639059,0.0,0.004901960784313725
5100,3.864630264519739e-05,1.3806044919573349e-05,2.644088542753668e-05,0.006862745098039216,0.00392156862745098
5100,0.00016005424097475943,4.5503016850579825e-05,0.00033613094583240894,0.0,0.00196078431372549
5100,0.0005248702651684219,0.0004082791669047557,0.0001336741656696143,0.0029411764705882353,0.000980392156862745
5100,0.00016372146758699825,1.7492542644933878e-05,1.6486402437652993e-06,0.0,0.000980392156862745
5100,0.00015610236057537523,0.0003484783550769799,0.00010280042054648573,0.000980392156862745,0.000980392156862745
5100,0.0005050900224053992,0.0004465904321355365,0.00016553270243694712,0.0,0.0029411764705882353
5100,2.3548083792638866e-05,0.0006254812982507305,0.0002220470571881951,0.04411764705882353,0.0029411764705882353
5100,0.0002543821789350547,0.00028925451091510115,0.0001568679159535733,0.0,0.0
5100,7.603898502153093e-05,0.0005512602533173588,0.00023353465682660673,0.0,0.0029411764705882353
5100,6.565073028451725e-05,0.00015540498080230338,0.00011149468602228634,0.0,0.0
5100,3.65340803014765e-05,6.161024122235505e-05,0.00014521265498990333,0.03823529411764706,0.00784313725490196
5100,7.974165445725118e-05,0.0003007619944004104,0.0003582221820297166,0.000980392156862745,0.004901960784313725
5100,8.557283333657715e-05,0.00010114403751912524,1.8051111610781686e-05,0.00196078431372549,0.00392156862745098
5100,1.2935032797638832e-05,5.57992778530542e-05,0.0002197291103554613,0.0,0.0029411764705882353
5100,0.0004646875836523942,0.0005802537781516168,1.787159244511179e-06,0.0,0.000980392156862745
5100,0.0001178459295755866,0.00027492041858708996,9.010382002270553e-05,0.0,0.00392156862745098
5100,0.000333572533219999,0.00024138544947265782,0.00018522278484621942,0.0,0.004901960784313725
5100,0.00018061097010792703,0.0002201255471894838,7.148198468783702e-05,0.000980392156862745,0.000980392156862745
5100,0.0002962595229338857,0.00039554455294511613,0.000408781912972244,0.000980392156862745,0.004901960784313725
5100,0.0005090231110612885,0.00029395216042319615,4.1701685976740187e-05,0.00392156862745098,0.004901960784313725
5100,0.00029246630314064867,0.00022011182965269035,0.00017113849957486215,0.0,0.00392156862745098
5100,0.000122332953969311,0.00019896427328596757,0.0006104109716076875,0.008823529411764706,0.000980392156862745
5100,0.0004763142272979187,4.3388670920237964e-05,0.00024346085994373664,0.000980392156862745,0.00392156862745098
5100,0.00031644130177857244,0.00022435124422101095,0.00013771507171499647,0.004901960784313725,0.0029411764705882353
5100,2.2221310969557626e-05,0.0005232153918498889,0.0005407505695807715,0.00196078431372549,0.00196078431372549
6100,4.346821715457556e-05,5.3151503157178926e-05,0.0002304440438864271,0.000819672131147541,0.0
6100,6.088156146817556e-06,0.00021718507596013594,3.789503955090854e-05,0.000819672131147541,0.001639344262295082
6100,0.00033434949376642256,8.986072811517316e-05,3.0408936242604346e-05,0.020491803278688523,0.001639344262295082
6100,0.00014511004438677613,0.00010163100211615601,0.00017766743618913503,0.0,0.000819672131147541
6100,4.860489313533273e-05,2.437169459381096e-10,0.0003066943075686213,0.000819672131147541,0.001639344262295082
6100,0.0001533514184781617,0.00016351988359732242,0.0009247775584803681,0.0,0.002459016393442623
6100,0.00019444345661536844,0.0002906900984507259,0.00013432436133505084,0.0,0.000819672131147541
6100,1.9217105627205264e-05,0.0005975121413950918,4.937055005345032e-05,0.040983606557377046,0.004918032786885246
6100,5.395907578016758e-05,2.1496137313758687e-05,0.00012385638346255117,0.003278688524590164,0.002459016393442623
6100,4.707967553160031e-05,4.088347382702409e-05,0.0001278555391521053,0.003278688524590164,0.001639344262295082
6100,9.050591407046223e-05,0.00020285755410126918,0.000175035583280623,0.0,0.001639344262295082
6100,1.5410519372952215e-05,0.00012168250317565397,7.411497321937547e-05,0.0,0.0
6100,0.00044382464583730497,8.987135530966372e-05,0.0001294209996493543,0.01557377049180328,0.002459016393442623
6100,0.00038041702060659176,6.923578549745783e-05,0.00015433969010734434,0.03360655737704918,0.0
6100,0.00014363535460563276,0.00014915539611265441,0.0002760644229989534,0.0,0.000819672131147541
6100,2.0911532921521217e-05,0.000638439562083464,1.1271787086976217e-05,0.0,0.004918032786885246
6100,0.00012045827089207164,8.883825097380304e-05,6.971769045404833e-05,0.001639344262295082,0.001639344262295082
6100,0.0003221682426013156,0.0002067263892373106,2.903756442960053e-06,0.0,0.001639344262295082
6100,0.00037128135545731473,0.00015492239585031175,0.00024497263323840175,0.0,0.000819672131147541
6100,2.85332114899232e-05,3.4890523585006385e-05,0.0007967578513531553,0.009016393442622951,0.004098360655737705
6100,5.615684037497896e-05,0.000371481261530596,0.00012054475895596917,0.0,0.001639344262295082
6100,7.302503111568735e-05,0.0004104270403501725,3.5778090331745687e-06,0.0,0.003278688524590164
6100,0.0002447196991278086,0.00028321340032236633,0.0004337467848527914,0.0,0.001639344262295082
6100,4.484942841421118e-05,0.00011764835996217004,0.00042387546756799305,0.001639344262295082,0.002459016393442623
6100,0.0003055173055925796,0.00010406830148030384,0.00026699361348887535,0.009016393442622951,0.001639344262295082
6100,0.0004956476202740008,0.000529206286495892,0.00019819531957807456,0.0,0.0
6100,5.923507018836352e-05,6.0714863075831935e-05,0.00016264153979685198,0.0,0.004918032786885246
6100,0.00013593120260761398,0.00014079462315917869,1.3096002979831088e-05,0.0,0.000819672131147541
6100,0.00017171317890316446,0.0003862707608362364,0.0003329352370423517,0.0,0.002459016393442623
6100,0.00020665316666461278,0.00021514454246056782,0.0002589401668744428,0.0,0.000819672131147541
6100,2.1085350495739693e-05,0.00018311333556715866,0.00025504666372068793,0.000819672131147541,0.004098360655737705
6100,7.616846786630888e-06,0.00012977711096878866,0.0004559587341793534,0.000819672131147541,0.000819672131147541
6100,0.00013691508591458042,9.861740859007583e-05,3.943515221764167e-06,0.0,0.002459016393442623
6100,2.8533048938691515e-05,5.2415002858841214e-05,0.00013233148807353953,0.007377049180327869,0.002459016393442623
6100,7.846275128400634e-05,0.00047775789980495606,5.4334547001742796e-05,0.005737704918032787,0.004098360655737705
6100,0.00020567723615893044,0.0004976563185986785,0.0002896733482393693,0.001639344262295082,0.001639344262295082
6100,0.0002621708469272788,0.00024224231820918295,0.00011740980613642357,0.0,0.000819672131147541
6100,0.00030049377773663864,8.788178354668379e-05,3.106766467309699e-05,0.0,0.003278688524590164
6100,0.0002775699231701188,3.386103268084471e-05,0.0002952880983102237,0.03934426229508197,0.000819672131147541
6100,6.882418062314545e-05,0.000183770169381345,0.00016500535885642214,0.04262295081967213,0.0
6100,1.736887953408986e-05,0.00011298367442993606,0.00035566403315994376,0.004098360655737705,0.000819672131147541
6100,0.00015370484698600773,0.00024297626899341728,0.0003302709348696774,0.000819672131147541,0.000819672131147541
6100,3.9646453093160985e-05,3.203967569822887e-05,5.812475410190953e-05,0.03524590163934426,0.001639344262295082
6100,0.00021979010168477478,0.0001368216302954623,7.0676666220889295e-06,0.000819672131147541,0.000819672131147541
6100,0.0003106060905314315,0.0004314676330048986,0.0003673629169579533,0.0,0.0
6100,0.00015926596782207006,7.753552033766137e-06,0.0005726514820761159,0.0,0.000819672131147541
6100,3.882830957044687e-05,1.627973791378765e-05,0.00019597562282365537,0.0,0.007377049180327869
6100,0.0002247226454205167,0.00036168222777420265,0.0002017591655273927,0.0,0.001639344262295082
6100,0.00012182311486639044,0.0004552451717680211,0.00013553212435189437,0.0,0.004098360655737705
6100,7.41116610372334e-05,2.070546146770067e-05,0.0005668811217445828,0.004098360655737705,0.003278688524590164
6100,0.0002167021875474667,0.00025612113944565516,9.54633391423023e-05,0.014754098360655738,0.002459016393442623
6100,0.00025821134358150043,6.439320708621237e-05,4.071714135253722e-05,0.0,0.001639344262295082
6100,0.00018356028658391706,0.00018383226840303259,6.89553312639325e-05,0.0,0.002459016393442623
6100,0.00017781101243086205,0.0004262282698113842,0.0004168271125796546,0.0,0.000819672131147541
6100,0.0011877584882295294,0.00012822377215167627,0.000908132900146339,0.0,0.000819672131147541
6100,6.219964410243483e-05,0.000489873690795996,9.816978297152716e-06,0.009836065573770493,0.003278688524590164
6100,3.563391288126486e-05,2.7127377217139994e-05,5.1672480263771605e-05,0.031967213114754096,0.004918032786885246
6100,0.00024846182873216704,0.0002844851114098518,0.0006305659264991268,0.001639344262295082,0.001639344262295082
6100,7.1793906821104e-05,0.000192262090433943,0.0001534403275525017,0.0,0.001639344262295082
6100,0.00013779646092733935,0.0004903699979764734,2.2806981166438032e-05,0.0,0.0
6100,7.320108531964896e-05,0.00016307814811002897,0.0002350602169502705,0.0,0.001639344262295082
6100,7.932278442312037e-05,8.814549251507303e-05,1.346301855890517e-05,0.0,0.001639344262295082
6100,7.330726476256029e-05,0.000158850924297816,0.00024312865311175932,0.04836065573770492,0.004918032786885246
6100,0.00024520349017119887,0.00016206131622146326,0.00012329134285204022,0.0,0.002459016393442623
6100,0.00012605881623990468,5.435051802978135e-05,2.1565382710273318e-05,0.006557377049180328,0.003278688524590164
6100,7.445392134657273e-05,0.00027499191902784686,0.0007894905372959612,0.018032786885245903,0.004918032786885246
6100,4.325773095001577e-05,0.0001299094879597691,1.1360082280602272e-05,0.0,0.000819672131147541
6100,4.040490358215755e-05,9.93981930542435e-06,0.00012963380855794842,0.0,0.0
6100,0.00040364620292397945,0.0001410836297192408,8.864483808703105e-05,0.001639344262295082,0.003278688524590164
6100,3.0141042956400916e-05,6.81299757189762e-05,7.917559958191131e-05,0.0,0.002459016393442623
6100,4.732530877028009e-05,0.0001455684719270855,7.949115219813067e-05,0.0,0.004098360655737705
6100,0.00014888869711150357,3.085871416558841e-05,2.0155065151018396e-05,0.0,0.0
6100,9.380636934168272e-05,0.00014902032268084486,0.00031616644783422564,0.0,0.004098360655737705
6100,0.0003921483503436401,0.00010063492154255837,6.323254757444818e-05,0.0,0.000819672131147541
6100,0.00019504749857706324,0.0003091267429029267,3.939877389933666e-05,0.0,0.0
6100,4.184252388697163e-05,7.613886838524173e-05,0.00013275105370209815,0.003278688524590164,0.000819672131147541
6100,0.00020620070752174936,1.4273103550506493e-05,5.092252977801301e-05,0.000819672131147541,0.003278688524590164
6100,4.6875937140922556e-05,0.00021788245909272943,0.00018128847001046958,0.009836065573770493,0.002459016393442623
6100,2.7015082756229084e-06,0.0005474996478119484,9.081156066550933e-05,0.002459016393442623,0.003278688524590164
6100,0.00018224878956501074,0.0002786912872712084,0.00021765439027352608,0.0,0.002459016393442623
6100,3.962037862301289e-05,0.00040001051079495463,7.000928381595816e-05,0.000819672131147541,0.004098360655737705
6100,0.00025151937840852035,2.4610606755034582e-05,5.138685576170624e-05,0.0,0.001639344262295082
6100,0.00017232099605561394,0.00031861244435069124,0.00010133085602995171,0.0,0.004098360655737705
6100,0.00021196588209831645,3.762557538569502e-05,0.0001336461603234155,0.000819672131147541,0.001639344262295082
6100,4.40659950533765e-06,1.0045989284857063e-05,0.0005207283946678958,0.0,0.004098360655737705
6100,5.175651256427161e-05,0.0002810184937809423,0.00043640617376276093,0.054098360655737705,0.003278688524590164
6100,0.00026436416086489823,8.984943927546552e-05,1.2216675040682584e-05,0.0,0.002459016393442623
6100,0.00046959779383361753,2.9686919354123222e-05,0.00016905266053914074,0.000819672131147541,0.004098360655737705
6100,2.791301976098158e-05,8.905380175956015e-05,0.0006264584390652479,0.0,0.000819672131147541
6100,6.677402247758717e-05,8.83180483449829e-05,2.59529461135248e-05,0.0,0.0
6100,0.0006185302590710927,0.0005362374935048909,5.5927482290990966e-05,0.000819672131147541,0.006557377049180328
6100,0.00013769326553735682,0.0003822984893478675,2.07879909193275e-05,0.0,0.002459016393442623
6100,0.0001828159425750406,6.816784349332294e-05,0.0002448027247889281,0.0,0.004098360655737705
6100,5.037801211814084e-05,0.0001824095193926723,0.00012891452482530143,0.000819672131147541,0.001639344262295082
6100,4.620370503626765e-05,0.00011011805951322748,1.5630008555607887e-05,0.036885245901639344,0.0
6100,0.00011758709449646264,5.0725173972312494e-05,0.0001661445888468904,0.0,0.002459016393442623
6100,0.0002378225306930354,9.873849363803224e-05,8.724332829942743e-05,0.0,0.004098360655737705
6100,0.00012959265648945992,0.00010114423679184784,0.00016308625052499908,0.000819672131147541,0.001639344262295082
6100,0.0002446676041579048,3.606346316046478e-06,0.00017515954586004253,0.004918032786885246,0.003278688524590164
6100,6.144831603312014e-05,4.6235486298088624e-05,1.419197316299063e-05,0.009836065573770493,0.0
7100,0.00010066871388595982,0.0001475797949035899,0.00021765332197997515,0.0,0.0007042253521126761
7100,2.9046524750598866e-05,0.00023472807389085976,0.00010827714812559298,0.0014084507042253522,0.002112676056338028
7100,0.00014366955490133354,7.295297644929297e-05,7.633070388329655e-05,0.0,0.0
7100,4.8367686209482974e-05,4.051244901686319e-05,0.00010709285236262952,0.0,0.0014084507042253522
7100,7.889067942818403e-05,0.00020967508070905382,7.305114181693026e-05,0.0,0.0007042253521126761
7100,1.3101773597923e-06,1.3784304930565177e-05,4.8988674971990225e-05,0.0,0.0
7100,0.00012515964538602507,8.094210185482602e-06,0.0003095784271618664,0.0014084507042253522,0.0028169014084507044
7100,0.0001939663953115199,0.0003202194796009044,0.0002951969297202608,0.004929577464788733,0.0014084507042253522
7100,9.659745187139994e-05,0.0005878482579187319,6.281441819638316e-05,0.0007042253521126761,0.0
7100,0.0002287191701131378,0.00022323031527400985,6.694962010805171e-05,0.0,0.0
7100,7.341226157629275e-05,0.0002928780106626719,0.0005053906482379894,0.0007042253521126761,0.002112676056338028
7100,8.451821064581913e-05,5.4483395362362945e-05,7.918363550411249e-05,0.005633802816901409,0.0014084507042253522
7100,0.00012834782886637547,1.1353336897956452e-05,5.3384214937360074e-05,0.006338028169014085,0.0014084507042253522
7100,5.9412948893351094e-05,6.655621606464647e-05,0.00013479205330825018,0.0,0.0014084507042253522
7100,4.6854183109672514e-05,1.2469151715800977e-05,5.853561253151435e-06,0.0014084507042253522,0.006338028169014085
7100,7.365818489258431e-05,4.3179915828368174e-05,0.0009524020932089494,0.0014084507042253522,0.0
7100,0.00047096861827647125,0.0004570685304521865,4.0196236518887476e-05,0.0,0.0
7100,8.354559730993715e-05,0.0003850370193331721,0.0006708782759627957,0.0014084507042253522,0.0028169014084507044
7100,8.84773512925314e-05,5.3741087183524525e-05,0.00017257510349074216,0.0,0.002112676056338028
7100,1.963099878752545e-05,1.4270425560321588e-05,7.419648491056559e-05,0.004225352112676056,0.0014084507042253522
7100,4.4959267162673055e-05,4.260610407920151e-05,6.234502077302352e-05,0.0,0.002112676056338028
7100,0.00012558372228089413,9.813577789715287e-05,0.00034101613440523827,0.04647887323943662,0.0035211267605633804
7100,7.135442775784215e-05,0.0004895229728868692,7.329277792494105e-05,0.0007042253521126761,0.0014084507042253522
7100,9.128917497025188e-05,0.00048521870365192036,0.0007087142933068364,0.0,0.0028169014084507044
7100,0.00022683924322514275,0.0002697314664234329,0.00014659904129278974,0.0,0.005633802816901409
7100,7.785063012607443e-06,0.00043064596305803247,0.0001394683261113396,0.0014084507042253522,0.0007042253521126761
7100,4.4784675784014406e-06,0.00035910007625358727,3.705842358474195e-05,0.0,0.002112676056338028
7100,0.000317576007936174,0.0001337036504042889,0.0001697048448662817,0.006338028169014085,0.002112676056338028
7100,0.00011604169525346424,0.00018952197259489953,8.262870089378928e-05,0.0007042253521126761,0.005633802816901409
7100,0.00021249549369472317,0.0002411785136357599,1.21537180672018e-06,0.0,0.0007042253521126761
7100,4.736395146404561e-05,7.3955249056115415e-06,0.00017614250519514953,0.0,0.0007042253521126761
7100,7.023396433939628e-07,0.00044437608440586995,5.561033858333042e-05,0.0007042253521126761,0.0007042253521126761
7100,8.343151122645203e-05,0.00010868725238860495,8.951379483401552e-06,0.002112676056338028,0.002112676056338028
7100,0.00025130045046390216,0.00016417391182026904,0.0001622794690732028,0.0007042253521126761,0.006338028169014085
7100,0.00013315313998604503,0.0003114339512621758,0.00026584217707856966,0.0,0.0007042253521126761
7100,1.0015336630211356e-05,4.965559618756103e-05,0.0004860844683883061,0.006338028169014085,0.0028169014084507044
7100,0.00015579820791155675,6.785046132354788e-05,0.0005441456895164232,0.0028169014084507044,0.0035211267605633804
7100,0.0003301222951394532,0.00034016438094574826,0.0005144408690150435,0.0,0.0028169014084507044
7100,6.61300678674418e-05,4.3888053394585815e-05,8.645263952862745e-05,0.0,0.002112676056338028
7100,6.245598192518242e-05,7.432765059805612e-05,0.00012010901991963654,0.0,0.004225352112676056
7100,6.88072253812095e-05,0.0001541613461950787,3.417671839519633e-05,0.0,0.0014084507042253522
7100,2.2564557664493193e-05,0.00014776098410784064,0.0001195147005716455,0.008450704225352112,0.0028169014084507044
7100,0.0002897960336459158,2.0830107759865222e-05,0.000332123615698848,0.0,0.0007042253521126761
7100,0.00015731314038996494,1.6087575117400233e-05,0.00021227100389635369,0.0,0.002112676056338028
7100,7.038489275361288e-05,0.00042159099362008634,0.0004702476925311443,0.0,0.004225352112676056
7100,5.0677971136925484e-05,0.00013110335580181006,0.00019747734122541296,0.0,0.0
7100,6.66058771888296e-05,1.958130696249114e-05,6.236958655497949e-05,0.0,0.004225352112676056
7100,7.44778220326e-05,0.0001849595558310135,0.00011971885852358062,0.0007042253521126761,0.004929577464788733
7100,4.810868662634939e-05,1.8728059601756836e-05,8.625050806442096e-06,0.0,0.0014084507042253522
7100,8.736489855344034e-05,3.0930612884370455e-05,4.840091307195542e-05,0.011971830985915493,0.0014084507042253522
7100,4.09107567430944e-05,0.0004053234863418358,0.00018130956885721114,0.009154929577464789,0.0028169014084507044
7100,0.00015247327929455743,0.00019555526107574306,4.515911179162335e-06,0.0,0.0007042253521126761
7100,6.33574788482196e-05,0.0002708824330958383,0.0004127089427006824,0.0007042253521126761,0.002112676056338028
7100,8.069361088943426e-06,0.0002294083535945018,4.3394102173593586e-05,0.005633802816901409,0.0007042253521126761
7100,0.00021398307130637864,0.00044479470538122406,0.00016030259116179833,0.0,0.002112676056338028
7100,0.00018710244846742213,9.471266921929399e-05,8.759598078719021e-05,0.0,0.0007042253521126761
7100,2.2232690559666372e-05,0.00032515321735150096,0.00010397639450894471,0.0,0.0014084507042253522
7100,0.0003775967907374087,0.0001316857718190616,0.00017337714445298238,0.0007042253521126761,0.0
7100,0.00012768819083544043,8.818784930015353e-05,0.00010299444712401468,0.0,0.004929577464788733
7100,7.680727033080564e-05,5.257519236924794e-05,5.989719511612763e-06,0.002112676056338028,0.002112676056338028
7100,0.00014808870074540237,0.0003655254410117694,0.00029884243272433353,0.0,0.0014084507042253522
7100,0.00018187865608149491,1.1349353251807377e-05,6.37862876911653e-05,0.0,0.0007042253521126761
7100,0.00020140582653092705,0.00015098972424217925,3.4438796956533994e-05,0.0028169014084507044,0.002112676056338028
7100,0.00011684781287625814,5.229551396586257e-05,0.0002064903275336412,0.0028169014084507044,0.0007042253521126761
7100,5.1854519616289593e-05,0.0005915080269964651,0.0001670044344567037,0.0,0.0007042253521126761
7100,0.00018134704476040005,2.6509891504199686e-05,0.000941810447742554,0.0007042253521126761,0.002112676056338028
7100,6.336064285266794e-05,0.0002990092345163855,0.00014735680031430104,0.0,0.004929577464788733
7100,4.3282555553482514e-05,0.00015734514853096534,2.4174420796410628e-05,0.002112676056338028,0.0014084507042253522
7100,0.00026702378091056654,6.210811499836024e-05,0.0005185876016541975,0.0,0.0014084507042253522
7100,0.0001519653292474447,0.00021228395807547997,0.00012395998687525319,0.0,0.0028169014084507044
7100,0.00017021942875621376,5.791705359508851e-05,0.00010975804264163727,0.0,0.002112676056338028
7100,8.885525232399478e-06,0.0001482309005982492,0.000294119388027708,0.0,0.0028169014084507044
7100,2.9609995648147337e-05,0.0004100423885160408,0.00013925684712159605,0.0,0.0007042253521126761
7100,8.232272787126836e-05,0.00016824893492368493,5.945297449468871e-05,0.0,0.0014084507042253522
7100,6.618411046291125e-05,8.463708337961614e-05,8.631021322260069e-05,0.0,0.0007042253521126761
7100,9.025236547954547e-05,0.0005193844194745785,9.254062775508486e-05,0.0,0.0007042253521126761
7100,2.8547004962786414e-05,0.00021305459879410172,0.00018486355541150036,0.0007042253521126761,0.0007042253521126761
7100,9.51127478559727e-05,0.00015240222507695747,6.304776306567954e-05,0.004225352112676056,0.002112676056338028
7100,6.32843813337322e-05,9.444277109752253e-05,0.00013280694988066156,0.0,0.0014084507042253522
7100,6.90662719879857e-05,2.5595159698737834e-05,7.720492543168165e-06,0.0035211267605633804,0.0028169014084507044
7100,4.0818887855742575e-05,0.00016641183959203377,0.0002771245263625947,0.0028169014084507044,0.0028169014084507044
7100,0.00022517447858725115,7.426954135347827e-05,3.262289476237285e-05,0.0,0.005633802816901409
7100,0.000133102761939034,0.00013514307892775482,1.5323469965404638e-05,0.0,0.004929577464788733
7100,4.782786227137813e-05,0.0003500124573694593,0.0005404903807200192,0.0007042253521126761,0.002112676056338028
7100,0.00010607383571351122,0.00021235377769797216,0.00011242103486975032,0.0,0.0
7100,0.00011165955266895775,0.0007535406987961018,0.0003102232722164556,0.0,0.0014084507042253522
7100,0.00014956012835602128,0.00013012762704496395,5.071433409763923e-05,0.0,0.0007042253521126761
7100,8.431616546314023e-05,2.835305913466482e-05,0.0005561640696011101,0.0,0.002112676056338028
7100,2.4190568982289593e-06,0.00019071751487940804,1.5524027247740376e-05,0.0,0.0014084507042253522
7100,3.0379376571108373e-05,0.0005472873687127862,0.00012530419400648247,0.01056338028169014,0.0007042253521126761
7100,0.00013043686665724447,3.198932621853198e-05,7.238468596398228e-06,0.0,0.0035211267605633804
7100,0.00013668358389449638,0.00025142991159038695,4.4842786082913906e-05,0.0,0.002112676056338028
7100,8.229160356281332e-05,0.0005856829834016452,7.985500578409454e-05,0.0,0.0014084507042253522
7100,7.148284568251014e-06,0.00010074525444819763,0.00014716162699769891,0.0,0.0007042253521126761
7100,0.00013990083768325069,8.715484852439308e-05,0.0001725919418440466,0.0014084507042253522,0.004929577464788733
7100,2.856795443448594e-06,0.0003411700850540983,5.922689626254655e-05,0.0007042253521126761,0.0014084507042253522
7100,4.229175776073976e-05,2.9654460679372495e-05,2.187506921638702e-05,0.0,0.0
7100,6.296477740679228e-05,0.00018625765887965773,7.539806854304999e-05,0.0,0.002112676056338028
7100,7.640974989181189e-06,4.601235574390562e-05,0.00016749380979553882,0.0014084507042253522,0.0035211267605633804
7100,0.0003216645733877236,0.00012136208039289858,3.4734252541877916e-05,0.0,0.004225352112676056
8100,1.9643885121556385e-06,1.0283927642540124e-05,1.3797867426456403e-05,0.001851851851851852,0.0024691358024691358
8100,4.688818343813226e-05,8.473327265452358e-05,4.3635742315277916e-06,0.0049382716049382715,0.0012345679012345679
8100,6.4227752779394e-05,0.00011123060895892153,9.183639961072745e-05,0.0012345679012345679,0.0012345679012345679
8100,1.6292565047403408e-05,0.00012531593483956633,0.00013213909355070573,0.001851851851851852,0.0012345679012345679
8100,0.00010412437183640125,0.000298942367089396,5.946891445275387e-05,0.0,0.004320987654320987
8100,0.0006675328385863493,0.0006872680513806234,0.0002367742942626995,0.0,0.0006172839506172839
8100,1.4072742906534259e-05,3.4867697019240865e-05,4.9475385848529014e-05,0.0,0.003703703703703704
8100,0.0001230019991522603,0.0001708083544903267,1.1079045717249919e-05,0.0,0.0
8100,2.932289681965817e-06,0.00015984161526705383,9.266161036243755e-07,0.0,0.0030864197530864196
8100,2.8719754686773893e-06,6.140802964496821e-05,0.00015513781218932747,0.0,0.0006172839506172839
8100,1.6883029796401794e-05,6.894509342751944e-06,0.00020644449080153122,0.0006172839506172839,0.0006172839506172839
8100,8.607674247349233e-06,8.526460285495472e-05,0.00022552925873713092,0.0,0.001851851851851852
8100,4.179800771088335e-05,7.644330307490222e-05,0.00013669330459051724,0.0,0.0006172839506172839
8100,7.839642678010855e-05,0.00035931617081669113,0.00011619674125508434,0.0049382716049382715,0.0030864197530864196
8100,0.00029595880810798274,1.7911464505209807e-05,5.398643099459008e-06,0.027777777777777776,0.0006172839506172839
8100,2.8068153728969187e-05,0.00018957002315064835,8.172407788917953e-05,0.0,0.0030864197530864196
8100,3.060093294963558e-05,0.00010215989235487708,0.00033015562209271556,0.0,0.0012345679012345679
8100,9.80443267767936e-05,0.0001089044649932872,5.831991457842137e-06,0.0,0.0024691358024691358
8100,9.933630714053855e-05,0.0003162705575096339,1.3263446198510355e-05,0.0,0.0
8100,0.00016464977798325592,6.084418704558816e-05,0.00011203912587622958,0.0,0.001851851851851852
8100,4.25684789340184e-05,6.485291633613538e-05,0.00019293765590653244,0.0006172839506172839,0.0030864197530864196
8100,5.798943632369753e-05,8.970028669496726e-05,0.0001639700054371129,0.0,0.0006172839506172839
8100,2.6079468070230462e-05,5.759956059168115e-05,5.330540005058988e-05,0.037037037037037035,0.003703703703703704
8100,5.610973589880182e-05,7.820155576046839e-05,9.14029054310602e-05,0.0,0.0006172839506172839
8100,0.00011755348602752254,0.00015507153346729996,4.0455221793306036e-05,0.0,0.0012345679012345679
8100,9.545737334011657e-05,1.2589843884476872e-05,2.5439966394163652e-05,0.0,0.001851851851851852
8100,0.0001456738389524106,3.222574949790389e-05,0.00011918121475763992,0.0,0.0030864197530864196
8100,1.8416713769558328e-05,0.00036403179261488574,0.00016123832859759118,0.001851851851851852,0.0030864197530864196
8100,2.383432927471021e-05,1.573080088102044e-05,0.0002430087087337482,0.0,0.001851851851851852
8100,2.109365213476648e-06,0.0002464756179659092,0.0005979288933780342,0.014197530864197531,0.007407407407407408
8100,0.00014472296312059588,0.0003348449594367072,0.000221374510834391,0.008024691358024692,0.001851851851851852
8100,9.385159739188342e-06,0.00015050071101403782,0.00022793550377146418,0.0,0.0012345679012345679
8100,2.044377809696909e-06,0.00011235271188666521,5.674909984105233e-05,0.0,0.004320987654320987
8100,4.840297896421323e-05,0.00016604404403226382,0.00016367384416366332,0.0012345679012345679,0.0030864197530864196
8100,0.00032363415319763876,0.0005543551819171552,0.0004231752959731347,0.008641975308641974,0.0030864197530864196
8100,0.0003786928548837857,0.00034898856388062443,3.445794939208478e-05,0.0,0.0006172839506172839
8100,0.000280536015345694,0.00028950459551211466,0.000750434130870958,0.0,0.001851851851851852
8100,6.023060054981535e-05,0.00011040072873403258,4.272537044943795e-05,0.0006172839506172839,0.0006172839506172839
8100,1.645721791473019e-05,0.000162108550315283,0.0002694987691500929,0.0,0.0006172839506172839
8100,0.00020583492684461674,7.188053848032128e-05,0.0003887288052453717,0.0,0.0024691358024691358
8100,0.00011262659655992676,0.00014118330496085325,0.00029664281988160836,0.0,0.0
8100,0.00014425238765142454,0.0002982313615766206,0.0002842954995054053,0.0,0.0012345679012345679
8100,0.00015222054326509085,9.272177723112874e-05,1.0731934001057777e-05,0.0,0.0012345679012345679
8100,9.892149947179729e-05,0.0002453275111178044,8.026882447148978e-07,0.0006172839506172839,0.0049382716049382715
8100,4.56339668314631e-05,6.862443148891571e-06,5.011559404377599e-05,0.0012345679012345679,0.0006172839506172839
8100,0.0001119237232303493,0.000123853208522579,5.68281142157995e-05,0.0,0.0024691358024691358
8100,0.00011836146994765382,4.524370804126368e-05,3.2298299813071425e-05,0.0,0.0006172839506172839
8100,0.00013649569976549938,0.00012151328892555602,9.030318143069626e-05,0.033950617283950615,0.0
8100,4.823756450708726e-05,0.00023059450594374017,5.990582515960008e-05,0.0024691358024691358,0.003703703703703704
8100,4.807134900860932e-05,7.817729557258969e-06,1.6461029793488708e-05,0.03518518518518519,0.001851851851851852
8100,5.45299546854424e-06,0.0001130593288768941,7.04723433629603e-05,0.005555555555555556,0.003703703703703704
8100,0.00017366785312022606,2.7332030192753993e-05,0.00022331511759493737,0.0,0.006172839506172839
8100,1.4022473133380795e-05,5.144624407842117e-05,7.597313554105082e-05,0.0,0.0012345679012345679
8100,0.00020152394630084235,0.00020727890821799888,1.8645935404597877e-05,0.0,0.006790123456790123
8100,7.769820631099958e-05,0.0003031422087357042,0.00033986174539249795,0.0012345679012345679,0.0006172839506172839
8100,0.00012461305722154899,4.800051201908971e-05,7.119490666913832e-05,0.0,0.0030864197530864196
8100,0.00018239460515874929,0.00016693180529533448,0.00021233696835452873,0.0006172839506172839,0.0006172839506172839
8100,0.0001049669476136835,0.00016381830365373089,2.7071211478898367e-05,0.0006172839506172839,0.0
8100,9.418464977164967e-05,1.1483453911615693e-05,8.95429836665558e-05,0.001851851851851852,0.004320987654320987
8100,6.18600988127589e-05,9.625854794614718e-05,0.00012562609333709765,0.02654320987654321,0.0012345679012345679
8100,0.0001630196777838654,0.0001336043207310506,1.625442589380253e-06,0.0,0.0
8100,6.343865307131375e-05,0.00020871655078114455,0.0001586922560033407,0.0,0.0012345679012345679
8100,6.912325986806557e-05,0.0006985488236638988,6.57445576469283e-06,0.0,0.0012345679012345679
8100,2.4423311763667738e-05,3.31049595600754e-05,0.0002222126061016456,0.0,0.0006172839506172839
8100,4.6358533804015664e-05,4.89268997954031e-05,0.00018659148552487047,0.0,0.0006172839506172839
8100,9.537181117845086e-05,0.0005055921771828046,0.00029775010092938524,0.0,0.0024691358024691358
8100,1.0860288970906956e-06,5.156968125926151e-05,6.908632736516585e-05,0.004320987654320987,0.0030864197530864196
8100,0.00036099606982647537,0.0003198494692768619,0.00033056997453814356,0.0,0.001851851851851852
8100,7.89832542664124e-05,0.00043270259310358364,0.00017710496819525311,0.006790123456790123,0.0030864197530864196
8100,3.6306036266637137e-06,8.84852921480468e-05,0.00020301558348512994,0.0006172839506172839,0.0012345679012345679
8100,0.00010459122925991772,0.0007964161162061238,0.00017141191494008377,0.0,0.0024691358024691358
8100,8.701594678576108e-05,0.0001534237126976732,0.00039885171210595345,0.0,0.006172839506172839
8100,3.1979317204979466e-05,0.00010538757829936625,0.0003719531074630645,0.0012345679012345679,0.0
8100,0.0001081959087793103,8.109365002976976e-05,7.327276907059605e-05,0.022222222222222223,0.0
8100,2.930673723072708e-05,0.00018464148571467425,7.009129362118611e-05,0.0006172839506172839,0.001851851851851852
8100,9.04663329541722e-06,3.824062696171036e-05,9.953769513718044e-06,0.0,0.0024691358024691358
8100,0.00012747302887564584,6.640278159453346e-05,5.1205739831584466e-05,0.0,0.0006172839506172839
8100,4.404335995649805e-05,0.00028903238325146837,0.0003385681117922646,0.0,0.0006172839506172839
8100,0.0001249423764896814,1.5128876930617379e-05,0.00017547025133057343,0.0006172839506172839,0.0012345679012345679
8100,2.3770269162307573e-05,2.4034548645989613e-05,5.4776144097377895e-05,0.0,0.0006172839506172839
8100,2.37373777498896e-05,2.8051308234828076e-05,2.779692865906884e-05,0.0,0.0006172839506172839
8100,3.142271924334086e-05,0.0001478525567951172,8.337721662718628e-05,0.0006172839506172839,0.0024691358024691358
8100,6.18263517110417e-05,4.853011469202594e-05,0.00019219499007065144,0.0,0.0006172839506172839
8100,0.00013679681660278808,0.00029356728468820156,0.00019136220086114192,0.0006172839506172839,0.0012345679012345679
8100,1.2938989674179348e-05,6.184175269517523e-06,9.770421327639126e-05,0.0,0.0006172839506172839
8100,0.00013514825706374507,3.411873276535101e-05,0.00012731704723746112,0.0,0.0
8100,0.00020148227345308145,0.000514085888530243,0.00030199487292092715,0.0,0.0024691358024691358
8100,0.0002386516922139244,0.00011367713738544799,0.00035156453749404684,0.0006172839506172839,0.0006172839506172839
8100,0.00020739849209231627,7.180619088202455e-05,8.53718580448606e-05,0.0,0.0030864197530864196
8100,0.0003665284918012729,0.0002234484690730748,0.00012861803176286113,0.0,0.0
8100,0.00011609787578367061,0.00011781504183976727,5.732486352072354e-05,0.0,0.0024691358024691358
8100,6.711269536629405e-05,5.147348028913654e-05,3.0479010430870595e-05,0.0006172839506172839,0.0012345679012345679
8100,6.517120974615754e-05,7.493615082463874e-06,2.335854926417816e-05,0.005555555555555556,0.004320987654320987
8100,0.000111808118557637,0.0001454632556474455,5.855751877178276e-05,0.006172839506172839,0.0
8100,0.00014442753743882275,9.961800000902343e-06,0.00010376670498049173,0.0,0.0006172839506172839
8100,3.164930501493162e-05,0.00024088462462987977,2.351672272348509e-05,0.0,0.001851851851851852
8100,3.995579812149469e-06,0.00042149823008684836,9.690056547039556e-06,0.0,0.0012345679012345679
8100,0.00019672476777315442,0.00021071902869456647,6.52056061128118e-05,0.0,0.0024691358024691358
8100,2.0014185632568787e-05,0.00019306281680514528,8.011156650613773e-05,0.0006172839506172839,0.003703703703703704
8100,0.00010100541747292338,4.126392872672197e-05,7.841326326855443e-05,0.0006172839506172839,0.001851851851851852
9100,2.5270570989785435e-05,2.0539534098743356e-05,4.227503263040423e-05,0.0,0.0032967032967032967
9100,2.9906263235732008e-05,0.0002386012486468337,4.901231462380702e-06,0.04065934065934066,0.0005494505494505495
9100,4.6202466820346094e-05,1.6064935154705094e-05,5.314164146293503e-05,0.0,0.0016483516483516484
9100,0.0001442645625039611,0.0003770152902958421,6.0138297705215934e-05,0.0,0.0038461538461538464
9100,0.00018241450269778573,0.00010610761431467582,3.6153962064025746e-05,0.011538461538461539,0.0038461538461538464
9100,6.605524744741422e-05,4.120329137229505e-05,5.692643404513109e-05,0.0,0.0005494505494505495
9100,0.0001611709443819422,8.596058612972174e-05,9.036390199746905e-05,0.0027472527472527475,0.0005494505494505495
9100,4.38530916211214e-05,1.548629907868788e-05,1.121901644314753e-05,0.031868131868131866,0.0016483516483516484
9100,6.755773980960181e-05,0.00014373551424261505,0.00012423121918127535,0.0016483516483516484,0.0016483516483516484
9100,4.073070630361386e-05,3.8415983893951626e-05,0.00044488032104728954,0.0,0.0016483516483516484
9100,1.2255601232548416e-05,7.03614249196515e-05,0.00011722762949254768,0.0,0.0016483516483516484
9100,2.870497635512165e-06,9.31400424470271e-05,0.00012708252636543777,0.0,0.004395604395604396
9100,0.00013444305818780067,5.4891968499558445e-05,1.705408583058896e-05,0.001098901098901099,0.0005494505494505495
9100,3.6092878196009714e-05,0.00019646451805549857,0.0006934884803573013,0.0,0.0005494505494505495
9100,1.0445743488849866e-05,0.00027042689070405846,0.00034878564727288205,0.005494505494505495,0.001098901098901099
9100,0.00011017486867394707,7.413108463416644e-05,0.00015224997721168107,0.03021978021978022,0.0016483516483516484
9100,4.4451774615787995e-05,1.3598579484458702e-05,3.479640766494589e-05,0.0005494505494505495,0.0
9100,0.0002506077424438513,0.00012416302973812383,0.00016007527132932045,0.0,0.002197802197802198
9100,7.781219102149163e-05,2.561988515238779e-05,0.0002305376498934788,0.0,0.001098901098901099
9100,1.0953640895999918e-05,3.9088978765858525e-05,0.000211005919938317,0.002197802197802198,0.0027472527472527475
9100,0.00012566255438323083,6.510737073564607e-05,0.00022759566751544234,0.0,0.0016483516483516484
9100,4.343560815749871e-05,3.269686501537922e-05,7.222950050475203e-05,0.006043956043956044,0.0016483516483516484
9100,1.8160306010929923e-05,2.77412318904991e-05,0.00018931663681824747,0.0,0.001098901098901099
9100,0.00032960908876908786,0.00040870306583215327,0.000345879304894161,0.0,0.0
9100,0.00042974480129691,3.67589595186427e-05,0.00010002030073100056,0.010439560439560439,0.0005494505494505495
9100,0.00010698974091831615,0.00011805320555496353,0.00014665054389497,0.0,0.001098901098901099
9100,3.498334279166352e-05,0.00019743079817343564,0.0003116108298343138,0.0,0.002197802197802198
9100,7.558130872467937e-06,9.131676367173452e-06,7.023548803537507e-06,0.0005494505494505495,0.0016483516483516484
9100,4.062923132513278e-05,3.533053559575526e-06,0.0001357581719997092,0.0,0.0
9100,0.00046031184645716394,0.00020744460916660265,0.000162250712724367,0.0,0.001098901098901099
9100,5.110980215953377e-05,3.6252163478805144e-05,0.00044200248725349367,0.004945054945054945,0.0016483516483516484
9100,8.030096825839707e-06,1.0304700996678022e-05,0.0002660174324826529,0.0,0.001098901098901099
9100,4.817110800234254e-06,0.00020899890163326355,2.7109629493857408e-05,0.0005494505494505495,0.0038461538461538464
9100,3.134219016009768e-05,9.394445456331903e-05,9.82065839705333e-05,0.0,0.0027472527472527475
9100,9.94136648124036e-07,0.00015039934737057898,0.00025071371086742125,0.012087912087912088,0.0032967032967032967
9100,0.00014436218661654065,0.00024114178022770252,2.017970335056845e-05,0.02857142857142857,0.0038461538461538464
9100,0.0008075416509819298,0.00013468491804155108,4.746808236427513e-05,0.0016483516483516484,0.0038461538461538464
9100,0.00015313564648509619,0.00020299412832455233,5.183702785711607e-05,0.0,0.0005494505494505495
9100,7.558895567390305e-05,1.4086462720102665e-05,0.0004945720806622598,0.0,0.001098901098901099
9100,8.554272236932155e-06,2.7334313873513737e-05,4.246599059373629e-05,0.0,0.0032967032967032967
9100,6.980822956799655e-05,4.6774801815590685e-05,2.8732252421623243e-06,0.002197802197802198,0.0016483516483516484
9100,4.622007245364585e-05,3.705984834365173e-07,5.917088895315028e-05,0.015384615384615385,0.0005494505494505495
9100,2.4783604299212663e-05,0.0002997202641979446,0.0002757899470657675,0.0,0.0
9100,0.00013339419609953524,0.0001384952872388607,0.00020624919084168377,0.0,0.001098901098901099
9100,9.130010217293915e-05,0.00015701405905345638,0.0004398074690485462,0.0005494505494505495,0.004945054945054945
9100,0.00011201966468671286,0.0004787994410322478,3.729939492927901e-05,0.0,0.0005494505494505495
9100,2.151585222470374e-05,1.035425944455862e-05,8.526981182934153e-05,0.0,0.0
9100,0.00017949883437749824,5.436318543437019e-05,0.00013419064761179277,0.036813186813186814,0.0005494505494505495
9100,0.00020089649573123606,0.00019702803754416875,9.24716703114443e-06,0.0,0.001098901098901099
9100,0.0002648589213137449,0.0005282468712394909,0.00046066721326170696,0.0,0.002197802197802198
9100,2.3517058730880875e-06,8.073385709441715e-07,2.7950137076374064e-05,0.0,0.005494505494505495
9100,7.710987649907486e-06,0.0001310221667601495,2.33444409573703e-05,0.0,0.0027472527472527475
9100,0.00014208247661601543,0.00015730029110406937,1.202003027374351e-05,0.0,0.0005494505494505495
9100,0.00021367034916469998,0.00045837328050913554,0.00011741630180377764,0.0,0.001098901098901099
9100,0.00016726496232201206,0.00027952197069441327,2.1492664178911227e-05,0.0,0.0005494505494505495
9100,0.00016819026556285898,0.00016685383363863852,0.000167365759156993,0.0,0.0005494505494505495
9100,3.665812445694623e-05,9.265210832379924e-05,0.0001766537396030921,0.0005494505494505495,0.002197802197802198
9100,0.00016096668859114967,0.00031996916074285476,0.00028862334390155334,0.0,0.0005494505494505495
9100,5.3038599372348475e-05,9.212788607127119e-05,0.0001584736922942796,0.0005494505494505495,0.0027472527472527475
9100,5.075350649910231e-05,5.7540622977765763e-05,9.192004145746516e-05,0.0,0.0005494505494505495
9100,1.6171240081496856e-05,1.7310630522026855e-05,0.00012282974491575871,0.0,0.001098901098901099
9100,5.170526912883338e-05,0.00013930144462821525,0.0001255988683527961,0.0016483516483516484,0.0005494505494505495
9100,5.668666995312661e-05,4.323545694558674e-05,0.0001962498574518754,0.0,0.0016483516483516484
9100,1.4596895334840467e-06,3.10434610943444e-05,0.00019910028612941027,0.033516483516483515,0.0016483516483516484
9100,0.00011198152366814453,1.3478876078939154e-05,8.904226595605208e-05,0.03076923076923077,0.002197802197802198
9100,0.00033432992610512105,9.215875600516211e-05,4.3949157752493125e-06,0.010439560439560439,0.004945054945054945
9100,0.00022091111914204442,0.0001618320505736726,9.391654593290155e-05,0.00934065934065934,0.0016483516483516484
9100,2.122059114381769e-05,9.287780893227911e-05,0.00016255441898728852,0.001098901098901099,0.0032967032967032967
9100,0.0001605678956822539,8.916454791355073e-05,1.325699432652329e-05,0.001098901098901099,0.001098901098901099
9100,1.8490349404350475e-05,5.8317925451102495e-05,0.0002669464838335056,0.0,0.002197802197802198
9100,1.0400984478095444e-05,4.665120070164639e-05,2.955247203739451e-05,0.0005494505494505495,0.0016483516483516484
9100,0.00017603374377151419,0.00011408950287225196,9.826919950066488e-07,0.0,0.0038461538461538464
9100,1.49953290277835e-05,0.00011377562549687046,0.00018797754539091408,0.0005494505494505495,0.0005494505494505495
9100,6.156173375420673e-05,1.2705560027892307e-05,0.00028552991440101955,0.0,0.0
9100,2.6568716117052053e-06,0.00014770908905201142,1.224767918766584e-05,0.00934065934065934,0.002197802197802198
9100,1.9253985763561487e-05,0.00038120530614165865,0.00012480976543092085,0.0005494505494505495,0.006043956043956044
9100,3.72021673931655e-05,7.243766665474707e-06,4.0356965731775254e-05,0.001098901098901099,0.002197802197802198
9100,9.762284959514174e-05,1.4738680307313613e-05,0.0001269595398243124,0.012087912087912088,0.001098901098901099
9100,8.933090316612992e-05,0.0003297284522924502,0.0006615988448558231,0.0005494505494505495,0.002197802197802198
9100,2.6288671162216342e-05,1.587367465444064e-05,0.00015591183049950308,0.0,0.002197802197802198
9100,2.2388039254109582e-05,4.628368135385215e-05,0.00011097756974250582,0.001098901098901099,0.002197802197802198
9100,0.0004970487907748573,0.00042981982761384433,0.00012496644987099217,0.0,0.0
9100,1.4082133005637854e-05,5.574292302522342e-05,7.470594637016773e-05,0.0,0.002197802197802198
9100,2.2444846477291243e-05,5.594895514357331e-05,3.0081954819600063e-05,0.04120879120879121,0.004395604395604396
9100,4.3133588980753866e-05,2.669767158534171e-05,0.00016639519676791938,0.0,0.001098901098901099
9100,5.223644456244032e-05,0.00029355483936302425,1.8985920387836605e-05,0.0005494505494505495,0.004945054945054945
9100,0.00011474016142850709,2.0563335485748955e-06,0.00043320352208966393,0.0,0.002197802197802198
9100,2.968848545531401e-05,8.201179226035353e-06,0.00014764833235912403,0.0005494505494505495,0.0
9100,2.551034455012942e-05,6.442508790210353e-05,4.1646764595938975e-06,0.0,0.0027472527472527475
9100,0.00020766676997993453,9.093188660428366e-05,0.00017359616153956938,0.0,0.0
9100,4.034686948462253e-05,1.4557197984109336e-05,4.844683638512817e-05,0.0,0.0027472527472527475
9100,4.7363412656494384e-05,2.7109752488523973e-05,1.1308257986726755e-05,0.0005494505494505495,0.001098901098901099
9100,0.0002452113716612904,0.0005367521775536508,0.00011569949026937895,0.0005494505494505495,0.0038461538461538464
9100,0.0001802912896254027,4.293164515981848e-05,2.0804974810194983e-05,0.0,0.001098901098901099
9100,1.2484697019622253e-05,0.0001497964400604574,0.00017313679397792822,0.0,0.0005494505494505495
9100,0.00026619646791984665,0.0003348046886822619,9.164043010921007e-05,0.0,0.0005494505494505495
9100,0.0003173709944180634,1.6667233022783173e-05,0.00013041217086746782,0.0,0.0032967032967032967
9100,2.410316994165212e-05,0.00024513590273263214,7.388523015622893e-05,0.0,0.0005494505494505495
9100,2.5797468945550967e-05,0.00010584840934442795,0.00010274842375070831,0.0038461538461538464,0.0
9100,3.83256626733936e-05,3.902202833944556e-05,0.00016747761701933284,0.0,0.006593406593406593
